suite,episode_index,packet_count,community_count,max_tree_depth,hub_asymmetry,mean_queue,p90_queue,max_queue,mean_deadline,min_deadline,solved,total_steps,correct_steps,base_next_hop_accuracy,oracle_cost,model_cost,base_regret,deadline_violations,base_deadline_miss,oracle_priority_delivered,model_priority_delivered,priority_delivered_regret,compute_regret,compute_deadline_miss,compute_next_hop_accuracy,delta_regret,delta_deadline_miss
a1_multiheavy_mixed_compute_round9_eval_seed314,0,1,4,4,0.28688693046569824,2.649733304977417,3.714341163635254,4.265789031982422,28.08979788169255,28.08979788169255,True,9,9,1.0,28.09221094637793,28.09221094637793,0.0,1,True,0.0,0.0,0.0,44.72850700967277,True,0.7647058823529411,44.72850700967277,0
a1_multiheavy_mixed_compute_round9_eval_seed314,1,6,4,4,2.1444392800331116,3.3588624000549316,5.672569274902344,5.931585788726807,30.563563280473378,26.64298954236404,True,49,45,0.9183673469387755,175.61986251091707,177.77458162101507,2.154719110098,3,True,3.0,3.0,0.0,76.2717168756225,True,0.8524590163934426,74.1169977655245,0
a1_multiheavy_mixed_compute_round9_eval_seed314,2,6,4,3,2.729190707206726,4.490592956542969,6.174725532531738,6.373382568359375,35.18963333057092,29.650564426384516,True,48,43,0.8958333333333334,195.1001562429806,211.54701433012912,16.446858087148513,2,True,6.0,4.0,2.0,1.9882368614465236,True,0.9583333333333334,-14.45862122570199,0
a1_multiheavy_mixed_compute_round9_eval_seed314,3,1,4,4,3.5626832246780396,3.5832440853118896,5.572706699371338,6.177464008331299,25.873917739668652,25.873917739668652,True,6,6,1.0,25.01634958666058,25.01634958666058,0.0,0,False,3.0,3.0,0.0,0.0,False,1.0,0.0,0
a1_multiheavy_mixed_compute_round9_eval_seed314,4,1,4,4,1.112588346004486,4.047878265380859,5.120066165924072,5.468538761138916,30.58671422934611,30.58671422934611,True,9,9,1.0,29.95779388957438,29.95779388957438,0.0,0,False,2.0,2.0,0.0,41.45115994665815,True,0.7692307692307693,41.45115994665815,1
a1_multiheavy_mixed_compute_round9_eval_seed314,5,4,4,3,0.3836410492658615,3.310680627822876,5.0826616287231445,5.6289801597595215,25.471101803236778,23.49395522202675,True,28,26,0.9285714285714286,97.35431781724219,102.06141062154428,4.707092804302093,2,True,4.0,2.0,2.0,6.355253658490113,True,0.8928571428571429,1.6481608541880206,0
a1_multiheavy_mixed_compute_round9_eval_seed314,6,1,4,4,0.2344488948583603,3.2774691581726074,5.692126750946045,6.002596378326416,32.14211089777102,32.14211089777102,True,10,10,1.0,29.56333377592956,29.56333377592956,0.0,0,False,2.0,2.0,0.0,0.5324218813255754,False,0.8,0.5324218813255754,0
a1_multiheavy_mixed_compute_round9_eval_seed314,7,6,4,4,0.9404650032520294,3.7212185859680176,5.276250839233398,5.568665981292725,30.224672981680637,26.14004434605873,True,42,39,0.9285714285714286,169.10761989933363,175.0549959216863,5.947376022352671,3,True,11.0,5.0,6.0,12.814317367743541,True,0.9047619047619048,6.86694134539087,0
a1_multiheavy_mixed_compute_round9_eval_seed314,8,1,4,4,1.646318256855011,2.620734691619873,3.594801425933838,3.713602066040039,27.45365574435014,27.45365574435014,True,8,7,0.875,27.993001453545435,32.20064962771868,4.207648174173247,1,True,0.0,0.0,0.0,4.207648174173247,True,0.875,0.0,0
a1_multiheavy_mixed_compute_round9_eval_seed314,9,1,4,4,1.3041828125715256,3.5006375312805176,5.445281505584717,5.790855407714844,33.86261707133302,33.86261707133302,True,9,9,1.0,30.992997868905388,30.992997868905388,0.0,0,False,1.0,1.0,0.0,9.636689322452927,True,0.9090909090909091,9.636689322452927,1
a1_multiheavy_mixed_compute_round9_eval_seed314,10,1,4,3,1.285428911447525,3.98288631439209,5.684367656707764,6.181296348571777,24.403374677690795,24.403374677690795,True,6,6,1.0,22.866615111071376,22.866615111071376,0.0,0,False,2.0,2.0,0.0,0.0,False,1.0,0.0,0
a1_multiheavy_mixed_compute_round9_eval_seed314,11,3,4,4,0.6243222653865814,3.716341257095337,5.869568347930908,6.157741546630859,31.14151107441569,26.979625646342598,False,312,164,0.5256410256410257,90.15097607105221,5108.256220628112,5018.105244557059,1,True,5.0,4.0,1.0,39.79836368411665,True,0.8709677419354839,-4978.306880872943,0
a1_multiheavy_mixed_compute_round9_eval_seed314,12,1,4,4,0.15615761280059814,4.012545585632324,4.700986862182617,5.211324691772461,17.966542198367986,17.966542198367986,True,6,6,1.0,17.25916408742277,17.25916408742277,0.0,0,False,1.0,1.0,0.0,6.6311009460200125,True,0.6666666666666666,6.6311009460200125,1
a1_multiheavy_mixed_compute_round9_eval_seed314,13,4,4,4,1.075465053319931,4.741977691650391,5.827426433563232,6.120354175567627,36.453213960696246,32.43485932557171,True,37,34,0.918918918918919,138.2890854194762,156.89394583583476,18.604860416358548,1,True,8.0,6.0,2.0,24.049214850722535,True,0.8648648648648649,5.444354434363987,0
a1_multiheavy_mixed_compute_round9_eval_seed314,14,4,4,4,2.4483194947242737,4.083960056304932,5.071788311004639,5.300452709197998,34.76794009784917,31.965573968364396,True,35,34,0.9714285714285714,124.56782500008191,137.2618853876976,12.694060387615679,1,True,7.0,4.0,3.0,0.0,False,1.0,-12.694060387615679,-1
a1_multiheavy_mixed_compute_round9_eval_seed314,15,1,4,4,0.6273872703313828,4.37948751449585,5.849887371063232,6.112327575683594,40.704661661422506,40.704661661422506,True,10,10,1.0,37.39666241302682,37.39666241302682,0.0,0,False,2.0,2.0,0.0,275.7549551714343,True,0.631578947368421,275.7549551714343,1
a1_multiheavy_mixed_compute_round9_eval_seed314,16,6,4,4,4.56014296412468,4.852158546447754,6.161897659301758,6.300517559051514,33.89655857459804,27.347258431518597,True,46,42,0.9130434782608695,197.68159213086997,231.29262783521884,33.611035704348865,3,True,12.0,6.0,6.0,524.7579439980719,True,0.7211538461538461,491.1469082937231,0
a1_multiheavy_mixed_compute_round9_eval_seed314,17,2,4,4,0.0013540685176849365,3.973947286605835,6.097689151763916,6.4204487800598145,33.41014844342982,31.868313917154097,True,19,18,0.9473684210526315,63.39572966710785,64.01571644300424,0.6199867758963862,1,True,1.0,1.0,0.0,49.90344531695143,True,0.84,49.28345854105504,0
a1_multiheavy_mixed_compute_round9_eval_seed314,18,1,4,4,1.0686051845550537,2.785196304321289,5.438928604125977,5.997812271118164,20.85244438753521,20.85244438753521,True,6,6,1.0,21.2169043146676,21.2169043146676,0.0,1,True,0.0,0.0,0.0,0.0,True,1.0,0.0,0
a1_multiheavy_mixed_compute_round9_eval_seed314,19,5,4,4,0.8013974726200104,4.342012405395508,6.207325458526611,6.435425758361816,39.589307597607196,32.195767405968745,True,46,41,0.8913043478260869,186.3164684485489,195.8907089173014,9.574240468752492,2,True,9.0,5.0,4.0,90.15344039808605,True,0.8214285714285714,80.57919992933356,0
a1_multiheavy_mixed_compute_round9_eval_seed314,20,3,4,4,2.742270529270172,3.736900806427002,4.517476558685303,4.758223056793213,37.11919095657322,30.29102866751614,True,28,27,0.9642857142857143,104.85958182757983,118.76780965594844,13.90822782836861,1,True,4.0,4.0,0.0,168.6056888131205,True,0.8043478260869565,154.6974609847519,0
a1_multiheavy_mixed_compute_round9_eval_seed314,21,1,4,4,0.22135740518569946,4.470110893249512,5.478262424468994,6.078492164611816,34.54603077685814,34.54603077685814,True,9,9,1.0,31.17760314234588,31.17760314234588,0.0,0,False,1.0,1.0,0.0,0.0,False,1.0,0.0,0
a1_multiheavy_mixed_compute_round9_eval_seed314,22,1,4,4,1.9214923977851868,4.477079391479492,5.71763277053833,6.265410423278809,25.512387094543186,25.512387094543186,True,6,6,1.0,24.277310693884303,24.277310693884303,0.0,0,False,3.0,3.0,0.0,0.0,False,1.0,0.0,0
a1_multiheavy_mixed_compute_round9_eval_seed314,23,5,4,3,1.1874205321073532,3.8727242946624756,4.759579658508301,4.956292152404785,30.80664232689157,26.868763962207066,True,39,36,0.9230769230769231,148.14004092584923,160.7811202347212,12.641079308871952,2,True,6.0,7.0,-1.0,26.56639204390575,True,0.8717948717948718,13.925312735033799,0
a1_multiheavy_mixed_compute_round9_eval_seed314,24,1,4,4,0.3940257728099823,4.040635108947754,5.520956039428711,5.711725234985352,30.732401598899585,30.732401598899585,True,8,8,1.0,28.646056225342,28.646056225342,0.0,0,False,1.0,1.0,0.0,0.0,False,1.0,0.0,0
a1_multiheavy_mixed_compute_round9_eval_seed314,25,5,4,4,0.9036216735839844,4.114880084991455,6.01409387588501,6.290836334228516,31.451543510631446,24.523671283143788,True,40,39,0.975,149.21191854154364,149.93553586302392,0.7236173214802761,2,True,7.0,5.0,2.0,4.925549902765283,True,0.9,4.201932581285007,0
a1_multiheavy_mixed_compute_round9_eval_seed314,26,1,4,4,1.5187333822250366,3.0020875930786133,5.492028713226318,5.970801830291748,35.667365906483546,35.667365906483546,True,9,7,0.7777777777777778,35.55174004882742,38.82803110648839,3.27629105766097,1,True,3.0,0.0,3.0,0.0,False,1.0,-3.27629105766097,-1
a1_multiheavy_mixed_compute_round9_eval_seed314,27,1,4,3,2.5444997549057007,4.482309818267822,6.248291015625,6.457864761352539,25.040376919424308,25.040376919424308,True,7,7,1.0,24.912866163767674,24.912866163767674,0.0,0,False,2.0,2.0,0.0,0.0,False,1.0,0.0,0
a1_multiheavy_mixed_compute_round9_eval_seed314,28,4,4,4,0.55596624314785,3.909156084060669,5.094999313354492,5.660762310028076,31.14430504209585,27.870587784399895,True,32,32,1.0,125.23941851687711,125.23941851687711,0.0,3,True,1.0,1.0,0.0,24.24486514168818,True,0.8823529411764706,24.24486514168818,0
a1_multiheavy_mixed_compute_round9_eval_seed314,29,2,4,4,1.7661570310592651,4.622062683105469,5.5716328620910645,5.80187463760376,23.595254903471805,22.000703460360967,True,14,13,0.9285714285714286,43.170204814056135,47.50490804219032,4.334703228134188,1,True,2.0,1.0,1.0,4.334703228134188,True,0.9285714285714286,0.0,0
a1_multiheavy_mixed_compute_round9_eval_seed314,30,1,4,3,3.9068278074264526,2.7630410194396973,3.9445502758026123,4.15239953994751,26.092044303510267,26.092044303510267,True,8,8,1.0,25.92432030606649,25.92432030606649,0.0,0,False,3.0,3.0,0.0,0.0,False,1.0,0.0,0
a1_multiheavy_mixed_compute_round9_eval_seed314,31,2,4,4,2.7696332931518555,4.218015193939209,5.290563106536865,5.63371467590332,23.72155767685883,22.93535620933407,True,14,14,1.0,45.423430581061965,45.423430581061965,0.0,0,False,3.0,3.0,0.0,0.0,False,1.0,0.0,0
a1_multiheavy_mixed_compute_round9_eval_seed314,32,6,4,4,0.27774283289909363,3.608978271484375,4.156291484832764,4.4922332763671875,31.33244681072026,26.694967126061446,True,49,44,0.8979591836734694,175.70155850859817,181.77822056186537,6.076662053267199,1,True,6.0,6.0,0.0,274.4659677375042,True,0.7349397590361446,268.389305684237,0
a1_multiheavy_mixed_compute_round9_eval_seed314,33,1,4,3,0.23222506046295166,3.217804193496704,5.8472900390625,6.124602794647217,27.54361957768869,27.54361957768869,True,8,8,1.0,25.45943338584956,25.45943338584956,0.0,0,False,3.0,3.0,0.0,0.0,False,1.0,0.0,0
a1_multiheavy_mixed_compute_round9_eval_seed314,34,5,4,4,1.4368202686309814,3.7376811504364014,5.0176286697387695,5.966724395751953,31.349149686147097,25.748047143298646,True,41,40,0.975609756097561,148.76541298235844,150.91029251200916,2.144879529650723,0,False,9.0,9.0,0.0,16.710159994821367,True,0.9069767441860465,14.565280465170645,1
a1_multiheavy_mixed_compute_round9_eval_seed314,35,3,4,4,1.211073413491249,3.411083936691284,4.867313861846924,5.32632303237915,33.01386747724511,31.159601399544012,True,28,26,0.9285714285714286,100.40829356025243,105.32349904128655,4.915205481034121,3,True,0.0,0.0,0.0,4.915205481034121,True,0.9285714285714286,0.0,0
a1_multiheavy_mixed_compute_round9_eval_seed314,36,1,4,3,0.8591318130493164,3.594785213470459,5.689471244812012,5.867945671081543,23.606124276755395,23.606124276755395,True,7,7,1.0,22.312322292307826,22.312322292307826,0.0,0,False,1.0,1.0,0.0,0.0,False,1.0,0.0,0
a1_multiheavy_mixed_compute_round9_eval_seed314,37,4,4,3,1.1343306005001068,3.469600200653076,4.162599563598633,4.34243631362915,27.779539883371086,25.45703734545605,True,28,25,0.8928571428571429,106.65440170990327,114.17111827222213,7.516716562318862,2,True,7.0,3.0,4.0,0.0,False,1.0,-7.516716562318862,-1
a1_multiheavy_mixed_compute_round9_eval_seed314,38,2,4,4,0.1330724060535431,3.060739278793335,5.070976257324219,5.28109884262085,26.48141187829647,21.546299919174345,True,16,15,0.9375,49.26400065924784,55.599000861323056,6.335000202075214,1,True,4.0,1.0,3.0,6.850224056932063,True,0.875,0.5152238548568491,0
a1_multiheavy_mixed_compute_round9_eval_seed314,39,1,4,3,1.0382038950920105,3.785346031188965,5.4476447105407715,5.919408321380615,25.90073750446096,25.90073750446096,True,7,7,1.0,24.979173623088908,24.979173623088908,0.0,0,False,3.0,3.0,0.0,0.0,False,1.0,0.0,0
a1_multiheavy_mixed_compute_round9_eval_seed314,40,6,4,4,0.023406177759170532,4.133617401123047,5.064406394958496,5.514710903167725,30.9943632147605,26.0681305135725,True,46,43,0.9347826086956522,184.14443470039947,186.6688178948682,2.524383194468726,2,True,8.0,9.0,-1.0,48.76597802596186,True,0.84,46.24159483149313,0
a1_multiheavy_mixed_compute_round9_eval_seed314,41,3,4,4,2.104055166244507,4.160743713378906,4.964815139770508,5.109947204589844,38.49109459702474,36.77080409141739,True,29,28,0.9655172413793104,111.4557805623387,114.7425509541135,3.2867703917747946,1,True,6.0,6.0,0.0,0.0,True,1.0,-3.2867703917747946,0
a1_multiheavy_mixed_compute_round9_eval_seed314,42,1,4,4,1.6448423862457275,4.38887882232666,6.093155860900879,6.377224922180176,34.21698940939304,34.21698940939304,True,9,9,1.0,33.298758783595495,33.298758783595495,0.0,0,False,3.0,3.0,0.0,17.080391704450946,True,0.9090909090909091,17.080391704450946,1
a1_multiheavy_mixed_compute_round9_eval_seed314,43,4,4,3,0.7956038117408752,2.394409656524658,3.030269145965576,3.3505020141601562,24.310909280852645,21.32029144544909,True,29,28,0.9655172413793104,90.68270920801493,94.6332862307601,3.950577022745179,2,True,3.0,2.0,1.0,6.59005291453046,True,0.9310344827586207,2.639475891785281,0
a1_multiheavy_mixed_compute_round9_eval_seed314,44,4,4,4,1.2543584704399109,3.362138509750366,4.704418182373047,5.299430847167969,34.19074376551945,30.069468798216707,True,32,29,0.90625,128.83453647434385,144.15017003009842,15.315633555754573,1,True,6.0,6.0,0.0,78.14959578298149,True,0.9,62.83396222722692,0
a1_multiheavy_mixed_compute_round9_eval_seed314,45,1,4,4,0.9226543009281158,3.9127309322357178,5.74060583114624,6.160985946655273,34.941180880226185,34.941180880226185,True,9,9,1.0,33.07241452738984,33.07241452738984,0.0,0,False,1.0,1.0,0.0,11.706172244447409,True,0.9090909090909091,11.706172244447409,1
a1_multiheavy_mixed_compute_round9_eval_seed314,46,3,4,4,1.124772846698761,4.3272013664245605,5.8897857666015625,6.237403392791748,32.44184293741616,28.417466121847674,True,25,25,1.0,94.25509818538417,94.25509818538417,0.0,0,False,7.0,7.0,0.0,53.061656203985294,True,0.896551724137931,53.061656203985294,1
a1_multiheavy_mixed_compute_round9_eval_seed314,47,4,4,4,0.7853751331567764,4.139580249786377,5.302955150604248,5.998647689819336,34.820969724349666,31.52697835523631,True,36,32,0.8888888888888888,129.73352087731766,137.29136270776704,7.557841830449377,1,True,4.0,4.0,0.0,86.58746466493028,True,0.782608695652174,79.0296228344809,0
a1_multiheavy_mixed_compute_round9_eval_seed314,48,1,4,4,1.9908650517463684,4.204644680023193,5.946902275085449,6.406698226928711,36.28749102568623,36.28749102568623,True,8,8,1.0,33.91043203209851,33.91043203209851,0.0,0,False,3.0,3.0,0.0,0.0,False,1.0,0.0,0
a1_multiheavy_mixed_compute_round9_eval_seed314,49,1,4,4,2.5147622376680374,4.171525478363037,5.909422874450684,6.3046698570251465,21.682581227947907,21.682581227947907,True,7,5,0.7142857142857143,21.404305332890658,32.98620116383804,11.581895830947381,1,True,1.0,0.0,1.0,0.0,False,1.0,-11.581895830947381,-1
a1_multiheavy_mixed_compute_round9_eval_seed314,50,5,4,4,0.05548831820487976,3.184755325317383,5.923031806945801,6.447840690612793,30.131265965805245,27.546765655316104,True,41,38,0.926829268292683,142.0881485555354,156.93012219416855,14.841973638633135,2,True,10.0,6.0,4.0,22.264284761030154,True,0.8780487804878049,7.422311122397019,0
a1_multiheavy_mixed_compute_round9_eval_seed314,51,1,4,4,0.9645205140113831,4.544956684112549,5.857640743255615,6.078948020935059,32.385243160233216,32.385243160233216,True,9,8,0.8888888888888888,32.04465726702995,37.59990167585703,5.555244408827086,1,True,3.0,0.0,3.0,56.81783019105667,True,0.8,51.262585782229586,0
a1_multiheavy_mixed_compute_round9_eval_seed314,52,5,4,4,1.3607040643692017,4.734311103820801,6.210451602935791,6.3838372230529785,27.768909780410276,20.574262178871685,True,34,33,0.9705882352941176,133.06483244984037,132.64826949187952,-0.4165629579608492,1,True,8.0,8.0,0.0,6.370988842284987,True,0.9411764705882353,6.787551800245836,0
a1_multiheavy_mixed_compute_round9_eval_seed314,53,3,4,4,1.8918286561965942,2.435054302215576,4.904156684875488,5.214061260223389,25.824098702641066,22.368551671867227,True,21,20,0.9523809523809523,73.84675944933684,75.30335371078407,1.456594261447222,1,True,4.0,4.0,0.0,1.456594261447222,True,0.9523809523809523,0.0,0
a1_multiheavy_mixed_compute_round9_eval_seed314,54,1,4,4,0.21188098192214966,2.814469575881958,4.698642253875732,4.993321895599365,17.97335949223597,17.97335949223597,True,8,7,0.875,16.747252741491646,22.473643819045268,5.726391077553622,1,True,1.0,0.0,1.0,5.726391077553622,True,0.875,0.0,0
a1_multiheavy_mixed_compute_round9_eval_seed314,55,3,4,4,1.0410911440849304,4.825194358825684,5.96353816986084,6.304101943969727,30.40494599650579,26.048518226935244,True,22,20,0.9090909090909091,84.54489274603903,86.43590746966083,1.891014723621808,1,True,2.0,2.0,0.0,4.690629438479064,True,0.8636363636363636,2.799614714857256,0
a1_multiheavy_mixed_compute_round9_eval_seed314,56,2,4,4,1.9823437929153442,3.554582118988037,6.02850341796875,6.4326701164245605,31.708922581565638,30.00012661786681,True,18,17,0.9444444444444444,60.54142486724764,67.83718625705062,7.295761389802976,2,True,1.0,0.0,1.0,74.67107175085984,True,0.8214285714285714,67.37531036105686,0
a1_multiheavy_mixed_compute_round9_eval_seed314,57,1,4,4,0.48339812457561493,3.5585808753967285,4.246414661407471,4.49531364440918,22.97133038234601,22.97133038234601,True,7,7,1.0,23.94132605449656,23.94132605449656,0.0,1,True,0.0,0.0,0.0,3.6480373780756565,True,0.8571428571428571,3.6480373780756565,0
a1_multiheavy_mixed_compute_round9_eval_seed314,58,5,4,4,0.7712978720664978,4.033781051635742,6.285543441772461,6.434257984161377,30.098796834539904,24.917881671819345,True,40,37,0.925,138.46524613031795,144.29535162723056,5.8301054969126085,2,True,9.0,6.0,3.0,26.662038435686412,True,0.9090909090909091,20.831932938773804,0
a1_multiheavy_mixed_compute_round9_eval_seed314,59,1,4,3,1.6909229159355164,2.702465772628784,3.5846118927001953,3.9808952808380127,19.870993366674618,19.870993366674618,True,7,7,1.0,19.915179520196116,19.915179520196116,0.0,1,True,0.0,0.0,0.0,0.0,True,1.0,0.0,0
a1_multiheavy_mixed_compute_round9_eval_seed314,60,1,4,4,2.472504675388336,3.793853282928467,5.445760726928711,5.937996864318848,30.260469457577337,30.260469457577337,True,9,9,1.0,29.46660493926597,29.46660493926597,0.0,0,False,2.0,2.0,0.0,0.0,False,1.0,0.0,0
a1_multiheavy_mixed_compute_round9_eval_seed314,61,1,4,4,0.7917871475219727,5.121424198150635,6.078912734985352,6.320518970489502,36.15567541110246,36.15567541110246,True,9,7,0.7777777777777778,32.606182575411324,36.683934116606004,4.077751541194679,1,True,1.0,0.0,1.0,0.0,False,1.0,-4.077751541194679,-1
a1_multiheavy_mixed_compute_round9_eval_seed314,62,6,4,3,1.798361986875534,2.6866743564605713,3.936734676361084,4.093567371368408,29.942229424121468,24.54573863146549,True,46,43,0.9347826086956522,169.35556248936643,176.42614559045515,7.070583101088715,3,True,10.0,7.0,3.0,1.5071506501406304,True,0.9782608695652174,-5.563432450948085,0
a1_multiheavy_mixed_compute_round9_eval_seed314,63,1,4,4,0.5533617734909058,3.733581066131592,4.347945690155029,4.655306339263916,28.276156587784666,28.276156587784666,True,8,7,0.875,27.755434698553092,27.829917159049117,0.07448246049602503,0,False,2.0,2.0,0.0,0.07448246049602503,False,0.875,0.0,0
a1_multiheavy_ood_deeper_packets6_round9_eval_seed314,0,6,4,4,1.7334859371185303,2.108258008956909,3.572575330734253,4.033788204193115,36.43564487065606,32.28800856683951,True,60,59,0.9833333333333333,203.00288080047528,204.50707315142188,1.504192350946596,1,True,12.0,12.0,0.0,421.8330090675986,True,0.7413793103448276,420.328816716652,0
a1_multiheavy_ood_deeper_packets6_round9_eval_seed314,1,3,4,4,1.6457054615020752,3.203343629837036,4.293825626373291,4.586916923522949,33.263890980062904,31.054995992242333,True,30,29,0.9666666666666667,96.53203600373193,100.43827066635919,3.9062346626272557,1,True,5.0,4.0,1.0,7.580513761587909,True,0.96875,3.6742790989606533,0
a1_multiheavy_ood_deeper_packets6_round9_eval_seed314,2,4,4,4,2.2148690819740295,2.243316650390625,3.6823432445526123,4.0592780113220215,31.559905538079924,29.517459488814527,True,40,39,0.975,127.48712888161424,129.8720448336968,2.384915952082565,3,True,2.0,2.0,0.0,86.70960948504879,True,0.8846153846153846,84.32469353296622,0
a1_multiheavy_ood_deeper_packets6_round9_eval_seed314,3,4,4,4,1.694755345582962,2.5972485542297363,3.6116960048675537,3.79117751121521,31.799333051286414,30.66796506233585,True,40,39,0.975,124.72380235804803,127.11137291364248,2.3875705555944506,1,True,4.0,3.0,1.0,34.84002013559257,True,0.9166666666666666,32.45244957999812,0
a1_multiheavy_ood_deeper_packets6_round9_eval_seed314,4,6,4,4,3.134959399700165,3.2189016342163086,4.070704936981201,4.44584321975708,38.33455739737892,35.768573770380584,True,60,59,0.9833333333333333,221.79314354140763,230.7331392363033,8.939995694895657,1,True,8.0,8.0,0.0,109.63871695074351,True,0.9166666666666666,100.69872125584786,0
a1_multiheavy_ood_deeper_packets6_round9_eval_seed314,5,5,4,4,0.5798769593238831,1.7771108150482178,4.258884429931641,4.501253604888916,33.04640057055235,25.843496428558396,True,50,47,0.94,155.79621337764794,157.8264465285542,2.0302331509062412,2,True,7.0,5.0,2.0,72.83552992446792,True,0.8666666666666667,70.80529677356168,0
a1_multiheavy_ood_deeper_packets6_round9_eval_seed314,6,3,4,4,3.2249536514282227,3.148911952972412,4.436010360717773,4.825079917907715,33.03856374493934,31.538067025343555,True,30,28,0.9333333333333333,97.7263709504955,103.11787161675916,5.391500666263667,2,True,3.0,1.0,2.0,64.52189264851052,True,0.8947368421052632,59.13039198224685,0
a1_multiheavy_ood_deeper_packets6_round9_eval_seed314,7,6,4,4,2.3538421988487244,2.537522077560425,2.9958298206329346,3.3580825328826904,36.575651448596545,32.53375278671369,True,60,57,0.95,212.2518032573227,220.58742268405695,8.33561942673424,4,True,5.0,4.0,1.0,169.6559906655358,True,0.8536585365853658,161.32037123880156,0
a1_multiheavy_ood_deeper_packets6_round9_eval_seed314,8,1,4,4,0.481923371553421,2.240746259689331,3.9562253952026367,4.349127292633057,29.055657309292727,29.055657309292727,True,10,9,0.9,28.548953279981625,32.28968696105308,3.740733681071454,1,True,2.0,0.0,2.0,3.740733681071454,True,0.9,0.0,0
a1_multiheavy_ood_deeper_packets6_round9_eval_seed314,9,3,4,4,1.6088449954986572,2.16558575630188,4.086459159851074,4.412912845611572,34.701955189351956,32.791420408597965,True,30,28,0.9333333333333333,98.90111775522973,103.99068684743149,5.0895690922017565,2,True,4.0,3.0,1.0,12.82929024325108,True,0.96875,7.739721151049324,0
a1_multiheavy_ood_deeper_packets6_round9_eval_seed314,10,3,4,4,1.4160982966423035,2.207533359527588,3.544583559036255,3.8232243061065674,31.755963786111128,27.841575499204385,True,30,28,0.9333333333333333,93.81521485567582,99.30622998250533,5.4910151268295095,2,True,3.0,2.0,1.0,61.60783239449053,True,0.8421052631578947,56.11681726766102,0
a1_multiheavy_ood_deeper_packets6_round9_eval_seed314,11,2,4,4,0.87772998213768,2.3392605781555176,3.3231053352355957,3.461215019226074,31.33622018536808,28.22646355066008,True,20,20,1.0,60.11682013432453,60.11682013432453,0.0,1,True,3.0,3.0,0.0,5.512033142534378,True,0.95,5.512033142534378,0
a1_multiheavy_ood_deeper_packets6_round9_eval_seed314,12,4,4,4,0.7828985452651978,2.5766658782958984,3.3886542320251465,3.6822476387023926,35.07682499888851,32.9103540521874,True,40,39,0.975,139.98534022335258,141.01377834688108,1.0284381235285025,2,True,4.0,4.0,0.0,107.9149483988866,True,0.8461538461538461,106.88651027535809,0
a1_multiheavy_ood_deeper_packets6_round9_eval_seed314,13,4,4,4,3.2962775826454163,1.8028231859207153,3.3113579750061035,3.718071937561035,32.066052020897644,27.390437213698156,True,40,39,0.975,131.0168524084308,138.98514544636015,7.968293037929357,2,True,3.0,3.0,0.0,81.79151981087713,True,0.8703703703703703,73.82322677294778,0
a1_multiheavy_ood_deeper_packets6_round9_eval_seed314,14,6,4,4,1.8520131707191467,1.513208031654358,3.1056058406829834,3.468151092529297,31.36809563087887,26.640261750822845,True,60,58,0.9666666666666667,177.9597913246696,191.54310504746732,13.583313722797726,2,True,8.0,6.0,2.0,129.25304026004676,True,0.8552631578947368,115.66972653724903,0
a1_multiheavy_ood_deeper_packets6_round9_eval_seed314,15,4,4,4,1.7218801081180573,2.374879837036133,4.038092613220215,4.444468975067139,31.458888824691243,25.42569597637915,True,40,36,0.9,116.55081904993673,128.39158206193943,11.840763012002697,2,True,5.0,4.0,1.0,57.366773874636465,True,0.84,45.52601086263377,0
a1_multiheavy_ood_deeper_packets6_round9_eval_seed314,16,3,4,4,0.04089158773422241,3.3573451042175293,4.266563892364502,4.613170623779297,31.210742947742848,28.97088139044253,True,30,28,0.9333333333333333,92.61052375324269,96.90136231247799,4.290838559235297,2,True,2.0,1.0,1.0,73.07807965141268,True,0.8,68.78724109217738,0
a1_multiheavy_ood_deeper_packets6_round9_eval_seed314,17,4,4,4,0.3804927468299866,2.9478375911712646,3.8451037406921387,4.0572638511657715,37.489069290617856,31.07613995411793,True,40,37,0.925,146.22981818056522,150.4358987808461,4.20608060028087,2,True,6.0,4.0,2.0,129.4529311788191,True,0.8076923076923077,125.24685057853824,0
a1_multiheavy_ood_deeper_packets6_round9_eval_seed314,18,3,4,4,2.8952032327651978,3.204454183578491,4.087636470794678,4.392485618591309,35.19828623108545,34.188354732662916,True,30,28,0.9333333333333333,104.05555595732739,113.00019479139951,8.944638834072123,2,True,5.0,3.0,2.0,17.260359923612896,True,0.9375,8.315721089540773,0
a1_multiheavy_ood_deeper_packets6_round9_eval_seed314,19,1,4,4,3.1992395520210266,1.9510527849197388,3.922560691833496,4.2130126953125,29.43577160428297,29.43577160428297,True,10,9,0.9,27.152324500585998,29.181390428830035,2.0290659282440373,0,False,2.0,2.0,0.0,0.0,False,1.0,-2.0290659282440373,0
a1_multiheavy_ood_deeper_packets6_round9_eval_seed314,20,4,4,4,1.6414248943328857,3.510178804397583,4.300690174102783,4.570690155029297,35.37031957372442,33.982186285646335,True,40,39,0.975,141.87220086861203,142.13028379586586,0.2580829272538381,2,True,4.0,4.0,0.0,69.50735029581304,True,0.8958333333333334,69.2492673685592,0
a1_multiheavy_ood_deeper_packets6_round9_eval_seed314,21,6,4,4,1.34152352809906,2.0910375118255615,3.7107269763946533,4.033210754394531,32.45769868253408,28.745103467901618,True,60,57,0.95,193.17776535781445,204.84767609232145,11.669910734506999,3,True,6.0,4.0,2.0,98.88603618582908,True,0.868421052631579,87.21612545132209,0
a1_multiheavy_ood_deeper_packets6_round9_eval_seed314,22,1,4,4,1.0943297147750854,1.7242687940597534,2.430410861968994,2.680583953857422,27.757455424138353,27.757455424138353,True,10,10,1.0,26.158941516540416,26.158941516540416,0.0,0,False,1.0,1.0,0.0,0.0,False,1.0,0.0,0
a1_multiheavy_ood_deeper_packets6_round9_eval_seed314,23,6,4,4,0.7460681200027466,2.221510648727417,3.1512930393218994,3.544705390930176,33.623489683382125,30.219021392825542,True,60,59,0.9833333333333333,198.79210087070504,200.94158514836772,2.1494842776626797,3,True,7.0,6.0,1.0,71.43528493933479,True,0.8571428571428571,69.28580066167211,0
a1_multiheavy_ood_deeper_packets6_round9_eval_seed314,24,4,4,4,2.0602351427078247,2.5021378993988037,3.6422483921051025,3.885143756866455,31.44418987154291,27.511025996612858,True,40,39,0.975,121.1060529823611,125.42496708272724,4.318914100366129,2,True,2.0,2.0,0.0,70.01703714408991,True,0.8653846153846154,65.69812304372378,0
a1_multiheavy_ood_deeper_packets6_round9_eval_seed314,25,6,4,4,1.4815702438354492,2.74196457862854,3.9894754886627197,4.433781623840332,36.23583570318581,31.6833837843228,True,60,56,0.9333333333333333,209.59272087968287,216.96794105193368,7.375220172250806,3,True,10.0,7.0,3.0,155.72115414690342,True,0.8205128205128205,148.3459339746526,0
a1_multiheavy_ood_deeper_packets6_round9_eval_seed314,26,2,4,4,0.46424779295921326,2.5126171112060547,4.6059699058532715,4.807878017425537,31.396947881183344,30.51389485737499,True,20,18,0.9,59.017224729171815,61.25245474913066,2.2352300199588484,0,False,3.0,3.0,0.0,12.317877054348173,True,0.8636363636363636,10.082647034389325,1
a1_multiheavy_ood_deeper_packets6_round9_eval_seed314,27,2,4,4,0.6547601521015167,2.1746039390563965,3.796006679534912,4.214857578277588,27.64608110290545,27.048571268010896,True,20,18,0.9,54.913825496484705,59.97194635630848,5.058120859823774,2,True,1.0,0.0,1.0,11.77593353617317,True,0.9545454545454546,6.717812676349396,0
a1_multiheavy_ood_deeper_packets6_round9_eval_seed314,28,2,4,4,0.20679181814193726,2.15598201751709,4.5033464431762695,4.854434013366699,32.93057113845552,31.20403064544735,True,20,20,1.0,66.14033435258388,66.14033435258388,0.0,1,True,2.0,2.0,0.0,38.9918720759288,True,0.8846153846153846,38.9918720759288,0
a1_multiheavy_ood_deeper_packets6_round9_eval_seed314,29,1,4,4,1.4672290086746216,1.9651048183441162,3.4499082565307617,3.87269926071167,29.500270171245045,29.500270171245045,True,10,10,1.0,26.969233073828054,26.969233073828054,0.0,0,False,2.0,2.0,0.0,43.01154158949018,True,0.8125,43.01154158949018,1
a1_multiheavy_ood_deeper_packets6_round9_eval_seed314,30,6,4,4,3.2478787302970886,2.478360176086426,4.622931480407715,4.921677589416504,35.87969425343607,30.1393531708799,True,60,56,0.9333333333333333,205.00275886152346,234.28008238105232,29.277323519528863,3,True,9.0,5.0,4.0,144.9383300012939,True,0.8846153846153846,115.66100648176504,0
a1_multiheavy_ood_deeper_packets6_round9_eval_seed314,31,6,4,4,2.7970815896987915,2.435349225997925,4.130944728851318,4.534902095794678,36.45498912622887,33.602241111766276,True,60,59,0.9833333333333333,217.94284591044692,225.4589248133016,7.516078902854673,3,True,5.0,7.0,-2.0,25.904505500486493,True,0.953125,18.38842659763182,0
a1_multiheavy_ood_deeper_packets6_round9_eval_seed314,32,5,4,4,2.0654331743717194,2.6335349082946777,4.597346782684326,4.963913440704346,40.34993123943656,30.989884631774945,True,50,47,0.94,187.684236267556,195.2921249484901,7.60788868093411,1,True,10.0,9.0,1.0,38.03731774828407,True,0.9137931034482759,30.429429067349957,0
a1_multiheavy_ood_deeper_packets6_round9_eval_seed314,33,5,4,4,0.5990371108055115,2.0270581245422363,4.081131935119629,4.361600399017334,34.001084503479404,29.925002995848406,True,50,48,0.96,158.12886596828125,158.69903884502733,0.570172876746085,2,True,9.0,7.0,2.0,44.34845622534425,True,0.9107142857142857,43.778283348598166,0
a1_multiheavy_ood_deeper_packets6_round9_eval_seed314,34,2,4,4,1.855571061372757,3.1087796688079834,4.15202522277832,4.38111686706543,32.696487224761434,30.77750336843466,True,20,20,1.0,59.23190891798102,59.23190891798102,0.0,1,True,3.0,3.0,0.0,37.06306514878218,True,0.8846153846153846,37.06306514878218,0
a1_multiheavy_ood_deeper_packets6_round9_eval_seed314,35,6,4,4,2.075380176305771,2.155242681503296,2.882526397705078,3.202604293823242,33.08771127009971,28.56547422533959,True,60,57,0.95,191.88106727062703,210.88008857190945,18.999021301282426,3,True,8.0,7.0,1.0,97.82239013607725,True,0.8918918918918919,78.82336883479482,0
a1_multiheavy_ood_deeper_packets6_round9_eval_seed314,36,1,4,4,2.2033589482307434,2.09983229637146,4.042608261108398,4.566108226776123,36.159609763795835,36.159609763795835,True,10,9,0.9,31.816894356259596,32.420206738103914,0.6033123818443187,0,False,3.0,3.0,0.0,0.0,False,1.0,-0.6033123818443187,0
a1_multiheavy_ood_deeper_packets6_round9_eval_seed314,37,6,4,4,1.9366505146026611,3.3700613975524902,4.530599594116211,4.749969005584717,35.59836638765464,32.50251505102438,True,60,59,0.9833333333333333,204.0225295841359,207.4216810349871,3.399151450851207,3,True,6.0,5.0,1.0,37.79959863917995,True,0.9393939393939394,34.40044718832874,0
a1_multiheavy_ood_deeper_packets6_round9_eval_seed314,38,5,4,4,0.9334070682525635,2.3625619411468506,4.234686851501465,4.437001705169678,34.177492670685425,28.06787286919034,True,50,48,0.96,161.7296451190523,165.92129987152336,4.191654752471067,1,True,10.0,7.0,3.0,146.62278322631641,True,0.8484848484848485,142.43112847384535,0
a1_multiheavy_ood_deeper_packets6_round9_eval_seed314,39,6,4,4,0.6045747399330139,2.729311227798462,4.107231616973877,4.482091426849365,39.901186943997864,33.1123283806615,True,60,58,0.9666666666666667,224.13739924445292,228.02523679772648,3.887837553273556,1,True,11.0,11.0,0.0,16.91973621675635,True,0.9193548387096774,13.031898663482792,0
a1_multiheavy_ood_deeper_packets6_round9_eval_seed314,40,5,4,4,0.7457868158817291,1.6743866205215454,2.6320366859436035,2.9781010150909424,30.600722765962928,24.13077609154024,True,50,50,1.0,142.61549663221646,142.61549663221646,0.0,1,True,6.0,6.0,0.0,35.335521995033645,True,0.9107142857142857,35.335521995033645,0
a1_multiheavy_ood_deeper_packets6_round9_eval_seed314,41,3,4,4,0.6927817463874817,2.6450846195220947,3.986377477645874,4.37103271484375,30.974011939198505,29.332434698657103,True,30,29,0.9666666666666667,91.42680530229534,94.1782687778392,2.751463475543858,2,True,4.0,3.0,1.0,41.64240737569769,True,0.8888888888888888,38.89094390015383,0
a1_multiheavy_ood_deeper_packets6_round9_eval_seed314,42,5,4,4,1.3721497058868408,1.8681519031524658,2.793213129043579,3.1592509746551514,34.42741367952002,31.44413172845206,True,50,48,0.96,170.02469023827535,173.1488107976662,3.124120559390832,3,True,5.0,4.0,1.0,67.61669176974803,True,0.9166666666666666,64.4925712103572,0
a1_multiheavy_ood_deeper_packets6_round9_eval_seed314,43,3,4,4,0.38724032044410706,1.6363626718521118,3.403146505355835,3.865102529525757,30.02931572066954,27.065903714838715,True,30,28,0.9333333333333333,89.74046788908225,92.7196895966245,2.9792217075422514,2,True,1.0,2.0,-1.0,15.739825954507737,True,0.9117647058823529,12.760604246965485,0
a1_multiheavy_ood_deeper_packets6_round9_eval_seed314,44,2,4,4,1.2708987295627594,2.0801312923431396,3.6414248943328857,3.9435267448425293,32.98150167167555,32.42822101431439,True,20,20,1.0,61.624005618193515,61.624005618193515,0.0,0,False,6.0,6.0,0.0,14.003260091467858,True,0.9545454545454546,14.003260091467858,1
a1_multiheavy_ood_deeper_packets6_round9_eval_seed314,45,5,4,4,0.9139014184474945,3.6501986980438232,4.675680160522461,4.892568111419678,37.624290861537744,35.27660650089462,True,50,48,0.96,184.5424833954779,189.13719723200836,4.594713836530474,3,True,7.0,4.0,3.0,112.71187632115667,True,0.859375,108.11716248462619,0
a1_multiheavy_ood_deeper_packets6_round9_eval_seed314,46,4,4,4,1.9062122702598572,1.701102375984192,2.606372833251953,2.9981577396392822,34.559078274257715,32.11728489186778,True,40,38,0.95,130.30099350908802,143.73272537246365,13.431731863375632,1,True,6.0,6.0,0.0,44.39945179965534,True,0.875,30.967719936279707,0
a1_multiheavy_ood_deeper_packets6_round9_eval_seed314,47,5,4,4,0.6498900055885315,3.034130096435547,4.737122058868408,4.988265514373779,38.909161373219966,34.475761759775295,True,50,46,0.92,183.0171710405457,190.74060573228505,7.723434691739357,3,True,9.0,4.0,5.0,115.91964052244987,True,0.8064516129032258,108.19620583071051,0
a1_multiheavy_ood_heavy_dynamic_round9_eval_seed314,0,3,4,3,0.28688693046569824,3.398503303527832,4.459493637084961,5.007458209991455,27.39721931671134,25.0491848403218,True,20,20,1.0,79.76360331747752,79.76360331747752,0.0,1,True,6.0,6.0,0.0,6.2858081300404365,True,0.95,6.2858081300404365,0
a1_multiheavy_ood_heavy_dynamic_round9_eval_seed314,1,3,4,3,1.3549900352954865,4.720855712890625,5.946173191070557,6.247267246246338,32.85262186974379,28.738579222412454,True,22,21,0.9545454545454546,93.80541837638528,95.3786275644807,1.5732091880954187,1,True,4.0,4.0,0.0,1.5732091880954187,True,0.9545454545454546,0.0,0
a1_multiheavy_ood_heavy_dynamic_round9_eval_seed314,2,2,4,3,2.107163429260254,5.104183197021484,6.219597816467285,6.352906227111816,26.603923299744565,26.440246024071822,True,14,11,0.7857142857142857,53.10392000599453,68.54221908280518,15.438299076810644,2,True,3.0,0.0,3.0,0.0,False,1.0,-15.438299076810644,-1
a1_multiheavy_ood_heavy_dynamic_round9_eval_seed314,3,1,4,3,4.098603278398514,3.5254464149475098,4.484363555908203,4.922040939331055,25.46836392889781,25.46836392889781,True,7,5,0.7142857142857143,23.691584487501412,30.344758288982618,6.653173801481206,1,True,3.0,0.0,3.0,0.0,False,1.0,-6.653173801481206,-1
a1_multiheavy_ood_heavy_dynamic_round9_eval_seed314,4,1,4,3,1.3639279007911682,4.535784721374512,5.671952724456787,5.917165279388428,29.363345249425706,29.363345249425706,True,7,7,1.0,29.43779002023438,29.43779002023438,0.0,1,True,0.0,0.0,0.0,0.0,True,1.0,0.0,0
a1_multiheavy_ood_heavy_dynamic_round9_eval_seed314,5,4,4,3,2.38442000746727,4.605670928955078,5.602665901184082,5.934756755828857,32.613255570107334,30.46828443290125,True,29,27,0.9310344827586207,125.53578091222597,137.08606647757753,11.550285565351558,2,True,7.0,6.0,1.0,0.0,True,1.0,-11.550285565351558,0
a1_multiheavy_ood_heavy_dynamic_round9_eval_seed314,6,3,4,3,2.814726859331131,4.224532127380371,5.802334308624268,6.203512668609619,26.989050849688635,23.997944984419888,True,20,18,0.9,79.78966984472486,86.6853505352318,6.89568069050695,3,True,1.0,0.0,1.0,0.0,True,1.0,-6.89568069050695,0
a1_multiheavy_ood_heavy_dynamic_round9_eval_seed314,7,3,4,3,0.21713808178901672,3.886518955230713,5.9792680740356445,6.2719926834106445,24.829247842097924,22.396420855067685,True,20,18,0.9,72.80082813540261,75.108648216257,2.307820080854384,2,True,4.0,1.0,3.0,5.923820136203275,True,0.85,3.6160000553488914,0
a1_multiheavy_ood_heavy_dynamic_round9_eval_seed314,8,4,4,3,1.1277051717042923,3.5805416107177734,4.455560684204102,4.731565475463867,27.617477919757324,21.60009598761302,True,30,27,0.9,109.6965976326689,121.01155479282336,11.314957160154464,4,True,7.0,0.0,7.0,11.314957160154464,True,0.9,0.0,0
a1_multiheavy_ood_heavy_dynamic_round9_eval_seed314,9,1,4,3,1.7557081580162048,4.459906101226807,5.476242542266846,5.616453170776367,26.47933435341121,26.47933435341121,True,6,6,1.0,24.942431542897467,24.942431542897467,0.0,0,False,1.0,1.0,0.0,0.0,False,1.0,0.0,0
a1_multiheavy_ood_heavy_dynamic_round9_eval_seed314,10,2,4,3,1.7001156210899353,4.6832499504089355,5.410552978515625,5.7720723152160645,29.99295696224693,27.699080899632595,True,15,13,0.8666666666666667,59.781317997792854,63.91325841379438,4.131940416001527,1,True,3.0,3.0,0.0,0.0,True,1.0,-4.131940416001527,0
a1_multiheavy_ood_heavy_dynamic_round9_eval_seed314,11,5,4,3,1.5156449675559998,4.279940128326416,5.816263198852539,6.319279670715332,37.84748627711825,35.729571517380016,True,40,36,0.9,185.2167766422291,196.55228470671324,11.335508064484145,3,True,9.0,4.0,5.0,0.0,True,1.0,-11.335508064484145,0
a1_multiheavy_ood_heavy_dynamic_round9_eval_seed314,12,4,4,3,1.4958228170871735,4.441224098205566,5.3654327392578125,5.594620227813721,33.10238422616438,28.776076985574555,True,28,25,0.8928571428571429,133.3414436641033,153.5290358652625,20.18759220115919,2,True,2.0,5.0,-3.0,2.7115060491320833,True,0.9642857142857143,-17.476086152027108,0
a1_multiheavy_ood_heavy_dynamic_round9_eval_seed314,13,6,4,2,1.554478019475937,4.081010818481445,5.289182186126709,5.810585021972656,25.515263348358403,21.931120380888323,True,36,33,0.9166666666666666,148.43648608701446,158.4185937462171,9.982107659202654,4,True,11.0,5.0,6.0,17.023650155986928,True,0.8888888888888888,7.041542496784274,0
a1_multiheavy_ood_heavy_dynamic_round9_eval_seed314,14,5,4,3,0.6928672194480896,4.018824100494385,5.4397759437561035,5.751485347747803,31.50419047111435,27.752003208360758,True,40,36,0.9,153.57547333601502,166.91294455805132,13.3374712220363,4,True,5.0,3.0,2.0,9.69991908430518,True,0.9,-3.63755213773112,0
a1_multiheavy_ood_heavy_dynamic_round9_eval_seed314,15,4,4,3,0.4512695372104645,4.616176605224609,5.450010299682617,5.982729911804199,27.905882757287728,27.05112371488027,True,27,25,0.9259259259259259,107.63244975739758,107.90254680969016,0.2700970522925843,1,True,5.0,5.0,0.0,2.743822833048341,True,0.8888888888888888,2.473725780755757,0
a1_multiheavy_ood_heavy_dynamic_round9_eval_seed314,16,1,4,3,2.683388113975525,3.9542617797851562,5.822149753570557,6.237660884857178,26.36593293610373,26.36593293610373,True,6,5,0.8333333333333334,24.92013819929974,28.14692759516046,3.2267893958607203,1,True,3.0,0.0,3.0,0.0,False,1.0,-3.2267893958607203,-1
a1_multiheavy_ood_heavy_dynamic_round9_eval_seed314,17,1,4,3,2.1211570501327515,3.855692148208618,4.855531215667725,5.2454657554626465,27.138043662305986,27.138043662305986,True,7,7,1.0,23.17255321379887,23.17255321379887,0.0,0,False,3.0,3.0,0.0,0.0,False,1.0,0.0,0
a1_multiheavy_ood_heavy_dynamic_round9_eval_seed314,18,5,4,3,0.9410905241966248,3.8831348419189453,4.980978965759277,5.293155193328857,27.14546751906152,24.447836863768256,True,32,30,0.9375,133.41364656133172,136.0599827463421,2.6463361850103695,3,True,5.0,4.0,1.0,5.896325972705682,True,0.90625,3.2499897876953128,0
a1_multiheavy_ood_heavy_dynamic_round9_eval_seed314,19,6,4,3,2.7259924113750458,4.19877815246582,5.317912578582764,5.472202777862549,31.144909511766112,26.348474265406818,True,41,40,0.975609756097561,186.43861608937956,194.1242052575234,7.685589168143849,1,True,10.0,13.0,-3.0,3.529194673086266,True,0.975609756097561,-4.156394495057583,0
a1_multiheavy_ood_heavy_dynamic_round9_eval_seed314,20,2,4,3,3.429081678390503,4.577228546142578,5.9297075271606445,6.116425514221191,29.57182053785523,29.027574772642684,True,14,12,0.8571428571428571,58.12740490878909,78.99986815109197,20.872463242302885,1,True,4.0,1.0,3.0,0.0,False,1.0,-20.872463242302885,-1
a1_multiheavy_ood_heavy_dynamic_round9_eval_seed314,21,1,4,3,3.139661192893982,4.103628635406494,5.046810626983643,5.669544696807861,29.33590524470564,29.33590524470564,True,7,7,1.0,28.2025946851713,28.2025946851713,0.0,0,False,3.0,3.0,0.0,0.0,False,1.0,0.0,0
a1_multiheavy_ood_heavy_dynamic_round9_eval_seed314,22,5,4,3,3.3259070813655853,5.121683120727539,5.9143524169921875,6.322297096252441,31.444408047843588,26.717539877262006,True,37,35,0.9459459459459459,156.8024944642793,196.3556596347756,39.5531651704963,3,True,3.0,3.0,0.0,1.0927081716191935,True,0.972972972972973,-38.460456998877106,0
a1_multiheavy_ood_heavy_dynamic_round9_eval_seed314,23,6,4,3,3.2841120660305023,4.207431793212891,5.0875749588012695,5.196516036987305,31.331818686530397,26.86228389662513,True,46,43,0.9347826086956522,188.3362988543062,193.66999902785457,5.3337001735483796,3,True,4.0,6.0,-2.0,2.1704470814653973,True,0.9565217391304348,-3.163253092082982,0
a1_multiheavy_ood_heavy_dynamic_round9_eval_seed314,24,2,4,3,3.552094340324402,4.088735103607178,5.399289608001709,5.673847675323486,24.672186984056182,22.593378338522935,True,13,12,0.9230769230769231,48.43114797970946,58.83126816255186,10.4001201828424,1,True,4.0,3.0,1.0,0.0,False,1.0,-10.4001201828424,-1
a1_multiheavy_ood_heavy_dynamic_round9_eval_seed314,25,5,4,3,1.0207932889461517,4.659411430358887,5.773589134216309,6.013937473297119,34.265664770328215,30.854620799158475,True,40,37,0.925,166.32499628294354,170.2723440564526,3.947347773509051,2,True,9.0,7.0,2.0,5.2288449260187235,True,0.925,1.2814971525096723,0
a1_multiheavy_ood_heavy_dynamic_round9_eval_seed314,26,2,4,2,1.4976337254047394,3.662787437438965,5.23694372177124,5.6167683601379395,23.05467044247501,22.649095307284977,True,12,8,0.6666666666666666,46.079158115834396,57.67494155426028,11.595783438425883,2,True,1.0,0.0,1.0,0.0,True,1.0,-11.595783438425883,0
a1_multiheavy_ood_heavy_dynamic_round9_eval_seed314,27,3,4,3,0.3280346095561981,3.6210825443267822,5.173919200897217,5.476759910583496,25.38617782821082,22.85958337157704,True,19,18,0.9473684210526315,76.17952137466708,81.51298137542298,5.333460000755906,1,True,1.0,3.0,-2.0,0.3180312984437421,True,0.9473684210526315,-5.015428702312164,0
a1_multiheavy_ood_heavy_dynamic_round9_eval_seed314,28,4,4,3,0.4288218319416046,4.396677494049072,5.8859028816223145,6.188986778259277,27.029942044406116,23.564708804481388,True,27,25,0.9259259259259259,103.62451142183183,108.89463334555657,5.270121923724744,2,True,9.0,5.0,4.0,9.019209971982818,True,0.8888888888888888,3.7490880482580735,0
a1_multiheavy_ood_heavy_dynamic_round9_eval_seed314,29,5,4,3,1.680164635181427,4.2743682861328125,5.122989654541016,5.26549768447876,28.46944400370246,25.312343056395303,True,33,30,0.9090909090909091,141.36448093372624,157.10931988602573,15.744838952299489,3,True,5.0,5.0,0.0,5.305572322004906,True,0.9090909090909091,-10.439266630294583,0
a1_multiheavy_ood_heavy_dynamic_round9_eval_seed314,30,3,4,3,1.5194818675518036,3.3922033309936523,4.560001850128174,5.162958145141602,27.703530686266646,27.423659987820702,True,22,21,0.9545454545454546,81.59200402474129,91.12345862777771,9.531454603036423,2,True,6.0,3.0,3.0,2.3565936089022586,True,0.9545454545454546,-7.174860994134164,0
a1_multiheavy_ood_heavy_dynamic_round9_eval_seed314,31,3,4,3,1.2998141944408417,4.48143196105957,5.642608165740967,5.917362689971924,27.96188487620421,26.12823290228494,True,22,20,0.9090909090909091,81.70948144713292,82.86091179914627,1.1514303520133495,1,True,4.0,3.0,1.0,0.0,False,1.0,-1.1514303520133495,-1
a1_multiheavy_ood_heavy_dynamic_round9_eval_seed314,32,1,4,3,0.7216761112213135,4.569956302642822,5.303297519683838,5.5803022384643555,21.94190014764271,21.94190014764271,True,6,6,1.0,21.8311373836124,21.8311373836124,0.0,0,False,2.0,2.0,0.0,0.0,False,1.0,0.0,0
a1_multiheavy_ood_heavy_dynamic_round9_eval_seed314,33,6,4,3,0.8541015982627869,4.581770896911621,5.902890682220459,6.074137210845947,33.220100712126026,27.18259291618181,True,45,41,0.9111111111111111,198.89012426299337,221.4372210674991,22.547096804505742,5,True,8.0,3.0,5.0,23.55825410869437,True,0.9111111111111111,1.0111573041886288,0
a1_multiheavy_ood_heavy_dynamic_round9_eval_seed314,34,1,4,3,1.896410048007965,4.7776079177856445,5.904091835021973,6.140218734741211,26.224063264389383,26.224063264389383,True,8,8,1.0,26.23391367745728,26.23391367745728,0.0,1,True,0.0,0.0,0.0,0.0,True,1.0,0.0,0
a1_multiheavy_ood_heavy_dynamic_round9_eval_seed314,35,6,4,3,1.8429086804389954,4.030494689941406,5.058091640472412,5.633418560028076,31.945462629145542,27.533627349005158,True,45,42,0.9333333333333333,186.53335415109132,198.73053471419706,12.197180563105746,4,True,8.0,4.0,4.0,5.072298319534468,True,0.9555555555555556,-7.124882243571278,0
a1_multiheavy_ood_heavy_dynamic_round9_eval_seed314,36,5,4,3,1.258039951324463,4.552816867828369,5.850338935852051,6.19980525970459,30.195373441899438,28.266545660128724,True,36,34,0.9444444444444444,147.63379893896973,151.50511183834098,3.8713128993712473,3,True,5.0,3.0,2.0,3.39084973602678,True,0.9444444444444444,-0.48046316334446715,0
a1_multiheavy_ood_heavy_dynamic_round9_eval_seed314,37,2,4,3,1.017311155796051,4.069887161254883,4.918962478637695,5.170203685760498,22.577244280692312,20.611521412877458,True,14,13,0.9285714285714286,45.18652920905258,47.77794975653333,2.5914205474807517,2,True,1.0,0.0,1.0,9.557360875027108,True,0.8571428571428571,6.965940327546356,0
a1_multiheavy_ood_heavy_dynamic_round9_eval_seed314,38,4,4,3,0.005968749523162842,4.497753143310547,5.650228023529053,5.876322269439697,32.08275626718003,31.201010464740243,True,32,30,0.9375,128.20272553665092,128.57418680846524,0.37146127181432576,3,True,2.0,1.0,1.0,5.8417562841731865,True,0.90625,5.470295012358861,0
a1_multiheavy_ood_heavy_dynamic_round9_eval_seed314,39,6,4,2,2.536615490913391,3.965597152709961,5.028116703033447,5.259069919586182,26.4320023925769,23.35565654320523,True,36,31,0.8611111111111112,155.8750617022396,177.11418868716473,21.23912698492512,3,True,8.0,5.0,3.0,0.2501072613088695,True,0.9722222222222222,-20.989019723616252,0
a1_multiheavy_ood_heavy_dynamic_round9_eval_seed314,40,2,4,3,2.9419942498207092,4.5400471687316895,5.676358699798584,5.844459056854248,29.189572720374912,27.508951506041598,True,14,13,0.9285714285714286,58.213253276048015,70.61470281378125,12.401449537733235,1,True,2.0,2.0,0.0,0.0,True,1.0,-12.401449537733235,0
a1_multiheavy_ood_heavy_dynamic_round9_eval_seed314,41,3,4,3,2.865432322025299,4.542734146118164,5.946691513061523,6.081060886383057,27.90590754963621,24.390380575863418,True,20,20,1.0,82.53741737353215,82.53741737353215,0.0,2,True,1.0,1.0,0.0,0.0,True,1.0,0.0,0
a1_multiheavy_ood_heavy_dynamic_round9_eval_seed314,42,4,4,3,0.190809965133667,4.329037666320801,5.457465171813965,6.082212448120117,26.870989867505983,23.669246797461874,True,27,27,1.0,105.42590643798133,105.42590643798133,0.0,2,True,2.0,2.0,0.0,8.840083662860195,True,0.9259259259259259,8.840083662860195,0
a1_multiheavy_ood_heavy_dynamic_round9_eval_seed314,43,6,4,3,1.610290139913559,4.867735385894775,5.980264186859131,6.337390899658203,30.706654467929962,26.300289567507413,True,42,40,0.9523809523809523,184.75480027418544,188.98563688896567,4.23083661478023,4,True,6.0,4.0,2.0,16.34850316275586,True,0.9285714285714286,12.117666547975631,0
a1_multiheavy_ood_heavy_dynamic_round9_eval_seed314,44,3,4,3,0.18422529101371765,4.831568241119385,5.90640115737915,6.347146987915039,30.47389449822336,27.485658134182213,True,24,22,0.9166666666666666,87.64703306286849,92.49231937349275,4.84528631062426,1,True,4.0,2.0,2.0,10.58644426812711,True,0.8333333333333334,5.74115795750285,0
a1_multiheavy_ood_heavy_dynamic_round9_eval_seed314,45,3,4,3,2.053873658180237,4.166293621063232,5.766746520996094,6.232028007507324,30.34413131809896,29.590312446981397,True,21,19,0.9047619047619048,87.26403828525699,94.41806774365885,7.154029458401865,2,True,6.0,2.0,4.0,0.0,True,1.0,-7.154029458401865,0
a1_multiheavy_ood_heavy_dynamic_round9_eval_seed314,46,6,4,3,3.3045886754989624,4.469951629638672,5.261324405670166,5.401470184326172,28.572651872958616,23.84845639103543,True,37,32,0.8648648648648649,169.07914987629286,189.71408366649757,20.634933790204713,3,True,7.0,5.0,2.0,0.0,True,1.0,-20.634933790204713,0
a1_multiheavy_ood_heavy_dynamic_round9_eval_seed314,47,6,4,3,0.8455375134944916,4.36742639541626,5.239645481109619,5.387287616729736,30.830031497240284,26.075328658202256,True,42,39,0.9285714285714286,184.45760410659423,186.09185036862286,1.6342462620286256,3,True,6.0,7.0,-1.0,15.218734181377982,True,0.8571428571428571,13.584487919349357,0
