suite,episode_index,decision_index,packet_count,packet_priority,packet_deadline,candidate_degree,best_candidate_slack,best_candidate_slack_ratio,feasible_candidate_fraction,any_feasible_candidate,max_candidate_path_length,target_next_hop,predicted_next_hop,best_candidate_cost,second_best_candidate_cost,oracle_action_gap,oracle_action_gap_ratio,model_top1_score,model_top2_score,model_margin,predicted_score,target_score,predicted_cost_to_go,predicted_slack,predicted_on_time,predicted_continuation_gap,strictly_suboptimal,target_match,row_in_suite,perturb_flip_rate,max_tree_depth,hub_asymmetry,mean_queue,p90_queue,max_queue,deadline_miss,regret,solved,slack_band,packet_band,load_percentile,load_band,depth_band,hard_condition_count,hard_feasible_case,large_gap_hard_feasible_case,oracle_near_tie_case,model_near_tie_case,hard_near_tie_intersection_case,baseline_error_hard_near_tie_case,gap_bucket,baseline_error,depth_load_regime,critical_packet_proxy,effective_tie_under_perturbation,stable_near_tie_case,high_headroom_near_tie_case,decodable_near_tie_case,weakly_decodable_near_tie_case
a1_multiheavy_ood_deeper_packets6_round9_eval_seed314,0,44,6,2.0,34.49333243052007,5,8.691760063171387,0.25198377340546035,1.0,True,9,1,0,25.801572799682617,26.66822624206543,0.8666534423828125,0.03358917105989264,2.3565022945404053,2.1719210147857666,0.18458127975463867,2.3565022945404053,2.1719210147857666,26.66822624206543,7.825106143951416,True,0.8666534423828125,True,False,44,0.09375,4,1.7334859371185303,2.108258008956909,3.572575330734253,4.033788204193115,True,1.504192350946596,True,loose,5+,0.19281585466556564,low_load,4,2,True,False,True,True,True,True,near_tie,True,d4_low_load,False,False,True,False,False,True
a1_multiheavy_ood_deeper_packets6_round9_eval_seed314,4,214,6,1.0,38.2294202769692,5,12.464856147766113,0.3260540195864649,1.0,True,9,1,0,25.764564514160156,27.561691284179688,1.7971267700195312,0.06975187836114341,2.410881757736206,2.359184980392456,0.05169677734375,2.410881757736206,2.359184980392456,27.561691284179688,10.667729377746582,True,1.7971267700195312,True,False,214,0.0,4,3.134959399700165,3.2189016342163086,4.070704936981201,4.44584321975708,True,8.939995694895657,True,loose,5+,0.5571428571428572,mid_load,4,2,True,False,True,True,True,True,near_tie,True,d4_mid_load,False,False,True,True,False,True
a1_multiheavy_ood_deeper_packets6_round9_eval_seed314,5,234,5,3.0,39.332028111543494,5,22.860233306884766,0.5812116589069444,1.0,True,9,0,1,16.47179412841797,17.285053253173828,0.8132591247558594,0.04937283203125905,2.208197832107544,1.702303171157837,0.505894660949707,2.208197832107544,1.702303171157837,17.285053253173828,22.046974182128906,True,0.8132591247558594,True,False,234,0.015625,4,0.5798769593238831,1.7771108150482178,4.258884429931641,4.501253604888916,True,2.0302331509062412,True,loose,5+,0.08414533443435178,low_load,4,2,True,False,True,True,True,True,near_tie,True,d4_low_load,False,False,True,False,False,True
a1_multiheavy_ood_deeper_packets6_round9_eval_seed314,5,254,5,1.0,26.25215818488467,5,10.255977630615234,0.3906717900443083,1.0,True,9,1,0,15.996180534362793,17.745210647583008,1.7490301132202148,0.10934048346497281,2.5694057941436768,2.32100772857666,0.2483980655670166,2.5694057941436768,2.32100772857666,17.745210647583008,8.50694751739502,True,1.7490301132202148,True,False,254,0.0,4,0.5798769593238831,1.7771108150482178,4.258884429931641,4.501253604888916,True,2.0302331509062412,True,loose,5+,0.08414533443435178,low_load,4,2,True,False,True,True,True,True,near_tie,True,d4_low_load,False,False,True,True,False,True
a1_multiheavy_ood_deeper_packets6_round9_eval_seed314,7,334,6,2.0,36.00135987096314,5,14.39084529876709,0.3997306032424073,1.0,True,9,1,0,21.61051368713379,24.003925323486328,2.393411636352539,0.11075218622764622,2.5149710178375244,2.1547887325286865,0.3601822853088379,2.5149710178375244,2.1547887325286865,24.003925323486328,11.99743366241455,True,2.393411636352539,True,False,334,0.0,4,2.3538421988487244,2.537522077560425,2.9958298206329346,3.3580825328826904,True,8.33561942673424,True,loose,5+,0.3531791907514451,mid_load,4,2,True,False,True,True,True,True,near_tie,True,d4_mid_load,False,False,True,True,False,True
a1_multiheavy_ood_deeper_packets6_round9_eval_seed314,7,344,6,1.0,32.53375278671369,5,13.90080738067627,0.4272734065389824,1.0,True,9,0,1,18.632946014404297,21.735591888427734,3.1026458740234375,0.16651397323992248,3.12492299079895,2.8647940158843994,0.2601289749145508,3.12492299079895,2.8647940158843994,21.735591888427734,10.798160552978516,True,3.1026458740234375,True,False,344,0.0,4,2.3538421988487244,2.537522077560425,2.9958298206329346,3.3580825328826904,True,8.33561942673424,True,loose,5+,0.3531791907514451,mid_load,4,2,True,False,True,True,True,True,near_tie,True,d4_mid_load,False,False,True,True,False,True
a1_multiheavy_ood_deeper_packets6_round9_eval_seed314,14,544,6,3.0,33.969125756223114,5,16.720632553100586,0.4922302879707577,1.0,True,9,0,1,17.248493194580078,17.929582595825195,0.6810894012451172,0.03948689277154558,2.330815076828003,2.31217360496521,0.01864147186279297,2.330815076828003,2.31217360496521,17.929582595825195,16.03954315185547,True,0.6810894012451172,True,False,544,0.15625,4,1.8520131707191467,1.513208031654358,3.1056058406829834,3.468151092529297,True,13.583313722797726,True,loose,5+,0.042196531791907514,low_load,4,2,True,False,True,True,True,True,near_tie,True,d4_low_load,False,False,True,False,False,True
a1_multiheavy_ood_deeper_packets6_round9_eval_seed314,14,574,6,1.0,26.640261750822845,5,9.396724700927734,0.3527264404839226,1.0,True,9,1,0,17.2435359954834,17.808683395385742,0.5651473999023438,0.032774449512580996,2.5554378032684326,2.4085638523101807,0.14687395095825195,2.5554378032684326,2.4085638523101807,17.808683395385742,8.831578254699707,True,0.5651473999023438,True,False,574,0.0625,4,1.8520131707191467,1.513208031654358,3.1056058406829834,3.468151092529297,True,13.583313722797726,True,loose,5+,0.042196531791907514,low_load,4,2,True,False,True,True,True,True,near_tie,True,d4_low_load,False,False,True,False,False,True
a1_multiheavy_ood_deeper_packets6_round9_eval_seed314,21,804,6,2.0,28.759051941743206,5,9.22652816772461,0.32082170811522764,1.0,True,9,1,0,19.53252410888672,22.358150482177734,2.8256263732910156,0.14466263333602847,3.8269715309143066,3.8038012981414795,0.02317023277282715,3.8269715309143066,3.8038012981414795,22.358150482177734,6.400901794433594,True,2.8256263732910156,True,False,804,0.0,4,1.34152352809906,2.0910375118255615,3.7107269763946533,4.033210754394531,True,11.669910734506999,True,loose,5+,0.17894302229562345,low_load,4,2,True,False,True,True,True,True,near_tie,True,d4_low_load,False,False,True,True,False,True
a1_multiheavy_ood_deeper_packets6_round9_eval_seed314,21,814,6,2.0,31.13005320890438,5,12.77255630493164,0.41029664225817014,1.0,True,9,0,1,18.35749626159668,19.75521469116211,1.3977184295654297,0.07613883776130266,2.676685094833374,2.341132402420044,0.3355526924133301,2.676685094833374,2.341132402420044,19.75521469116211,11.374838829040527,True,1.3977184295654297,True,False,814,0.0,4,1.34152352809906,2.0910375118255615,3.7107269763946533,4.033210754394531,True,11.669910734506999,True,loose,5+,0.17894302229562345,low_load,4,2,True,False,True,True,True,True,near_tie,True,d4_low_load,False,False,True,False,False,True
a1_multiheavy_ood_deeper_packets6_round9_eval_seed314,23,864,6,3.0,32.25921113145169,5,15.132997512817383,0.4691062484805525,1.0,True,9,1,0,17.12621307373047,19.511449813842773,2.3852367401123047,0.13927403155873194,2.490741729736328,2.3663933277130127,0.12434840202331543,2.490741729736328,2.3663933277130127,19.511449813842773,12.747760772705078,True,2.3852367401123047,True,False,864,0.0,4,0.7460681200027466,2.221510648727417,3.1512930393218994,3.544705390930176,True,2.1494842776626797,True,loose,5+,0.24335260115606935,low_load,4,2,True,False,True,True,True,True,near_tie,True,d4_low_load,False,False,True,True,False,True
a1_multiheavy_ood_deeper_packets6_round9_eval_seed314,23,874,6,3.0,35.35895304186587,5,13.614278793334961,0.38503059683965535,1.0,True,9,0,1,21.744674682617188,22.59348487854004,0.8488101959228516,0.03903531362561129,2.1878621578216553,1.6796075105667114,0.5082546472549438,2.1878621578216553,1.6796075105667114,22.59348487854004,12.765467643737793,True,0.8488101959228516,True,False,874,0.125,4,0.7460681200027466,2.221510648727417,3.1512930393218994,3.544705390930176,True,2.1494842776626797,True,loose,5+,0.24335260115606935,low_load,4,2,True,False,True,True,True,True,near_tie,True,d4_low_load,False,False,True,False,False,True
a1_multiheavy_ood_deeper_packets6_round9_eval_seed314,23,884,6,2.0,33.00621271986378,5,11.915121078491211,0.36099631241001057,1.0,True,9,0,1,21.09109115600586,21.201221466064453,0.11013031005859375,0.0052216506601761685,2.517746686935425,2.3308489322662354,0.18689775466918945,2.517746686935425,2.3308489322662354,21.201221466064453,11.804991722106934,True,0.11013031005859375,True,False,884,0.46875,4,0.7460681200027466,2.221510648727417,3.1512930393218994,3.544705390930176,True,2.1494842776626797,True,loose,5+,0.24335260115606935,low_load,4,2,True,False,True,True,True,True,near_tie,True,d4_low_load,False,True,False,False,False,True
a1_multiheavy_ood_deeper_packets6_round9_eval_seed314,23,894,6,2.0,34.93184327358521,5,14.884002685546875,0.4260869536421478,1.0,True,9,1,0,20.047840118408203,22.320337295532227,2.2724971771240234,0.11335371609619857,2.5404703617095947,2.3372890949249268,0.20318126678466797,2.5404703617095947,2.3372890949249268,22.320337295532227,12.611505508422852,True,2.2724971771240234,True,False,894,0.0,4,0.7460681200027466,2.221510648727417,3.1512930393218994,3.544705390930176,True,2.1494842776626797,True,loose,5+,0.24335260115606935,low_load,4,2,True,False,True,True,True,True,near_tie,True,d4_low_load,False,False,True,True,False,True
a1_multiheavy_ood_deeper_packets6_round9_eval_seed314,23,914,6,1.0,30.219021392825542,5,9.943684577941895,0.3290538250289825,0.8,True,9,1,0,20.27533721923828,21.206417083740234,0.9310798645019531,0.04592179426828456,3.5545997619628906,3.4160807132720947,0.1385190486907959,3.5545997619628906,3.4160807132720947,21.206417083740234,9.012604713439941,True,0.9310798645019531,True,False,914,0.015625,4,0.7460681200027466,2.221510648727417,3.1512930393218994,3.544705390930176,True,2.1494842776626797,True,loose,5+,0.24335260115606935,low_load,4,2,True,False,True,True,True,True,near_tie,True,d4_low_load,False,False,True,False,False,True
a1_multiheavy_ood_deeper_packets6_round9_eval_seed314,25,964,6,3.0,32.886923609745715,5,10.957612991333008,0.3331905751161786,1.0,True,9,0,1,21.929311752319336,21.972970962524414,0.043659210205078125,0.0019909065408977343,2.3902714252471924,2.384124994277954,0.006146430969238281,2.3902714252471924,2.384124994277954,21.972970962524414,10.91395378112793,True,0.043659210205078125,True,False,964,0.453125,4,1.4815702438354492,2.74196457862854,3.9894754886627197,4.433781623840332,True,7.375220172250806,True,loose,5+,0.45474814203137903,mid_load,4,2,True,False,True,True,True,True,near_tie,True,d4_mid_load,False,True,False,False,False,True
a1_multiheavy_ood_deeper_packets6_round9_eval_seed314,25,974,6,3.0,35.5103849919773,5,17.77751922607422,0.5006287380463663,1.0,True,9,0,1,17.732864379882812,17.784788131713867,0.05192375183105469,0.0029281085513719936,2.1255199909210205,1.452633023262024,0.6728869676589966,2.1255199909210205,1.452633023262024,17.784788131713867,17.725597381591797,True,0.05192375183105469,True,False,974,0.515625,4,1.4815702438354492,2.74196457862854,3.9894754886627197,4.433781623840332,True,7.375220172250806,True,loose,5+,0.45474814203137903,mid_load,4,2,True,False,True,True,True,True,near_tie,True,d4_mid_load,False,True,False,False,False,True
a1_multiheavy_ood_deeper_packets6_round9_eval_seed314,25,1014,6,1.0,40.45160932756335,5,11.731125831604004,0.2900039337522852,1.0,True,9,0,1,28.720483779907227,28.9478759765625,0.22739219665527344,0.007917422227210407,3.7923800945281982,3.651571273803711,0.1408088207244873,3.7923800945281982,3.651571273803711,28.9478759765625,11.503732681274414,True,0.22739219665527344,True,False,1014,0.515625,4,1.4815702438354492,2.74196457862854,3.9894754886627197,4.433781623840332,True,7.375220172250806,True,loose,5+,0.45474814203137903,mid_load,4,2,True,False,True,True,True,True,near_tie,True,d4_mid_load,False,True,False,False,False,True
a1_multiheavy_ood_deeper_packets6_round9_eval_seed314,30,1094,6,3.0,33.916499092260025,5,12.392410278320312,0.3653799952822473,1.0,True,9,1,0,21.524089813232422,25.00566291809082,3.4815731048583984,0.1617523962717356,3.4438436031341553,3.439626455307007,0.0042171478271484375,3.4438436031341553,3.439626455307007,29.297754287719727,4.618745803833008,True,7.773664474487305,True,False,1094,0.0,4,3.2478787302970886,2.478360176086426,4.622931480407715,4.921677589416504,True,29.277323519528863,True,loose,5+,0.3333608587943848,mid_load,4,2,True,False,True,True,True,True,near_tie,True,d4_mid_load,False,False,True,True,False,True
a1_multiheavy_ood_deeper_packets6_round9_eval_seed314,30,1114,6,3.0,34.324215463878886,5,12.746149063110352,0.3713456779958677,1.0,True,9,1,0,21.578067779541016,22.347145080566406,0.7690773010253906,0.035641620412119664,2.151376485824585,2.0280134677886963,0.12336301803588867,2.151376485824585,2.0280134677886963,22.347145080566406,11.977070808410645,True,0.7690773010253906,True,False,1114,0.109375,4,3.2478787302970886,2.478360176086426,4.622931480407715,4.921677589416504,True,29.277323519528863,True,loose,5+,0.3333608587943848,mid_load,4,2,True,False,True,True,True,True,near_tie,True,d4_mid_load,False,False,True,False,False,True
a1_multiheavy_ood_deeper_packets6_round9_eval_seed314,30,1124,6,1.0,30.1393531708799,5,9.250940322875977,0.30693891373269644,1.0,True,9,1,0,20.888412475585938,23.608264923095703,2.7198524475097656,0.13020867194616575,2.5783133506774902,2.215332508087158,0.36298084259033203,2.5783133506774902,2.215332508087158,23.608264923095703,6.531088352203369,True,2.7198524475097656,True,False,1124,0.0,4,3.2478787302970886,2.478360176086426,4.622931480407715,4.921677589416504,True,29.277323519528863,True,loose,5+,0.3333608587943848,mid_load,4,2,True,False,True,True,True,True,near_tie,True,d4_mid_load,False,False,True,True,False,True
a1_multiheavy_ood_deeper_packets6_round9_eval_seed314,30,1134,6,1.0,38.95463709866766,5,15.3100004196167,0.39302125651532094,1.0,True,9,1,0,23.644636154174805,26.669137954711914,3.0245018005371094,0.1279149224718812,2.4131100177764893,2.261096715927124,0.15201330184936523,2.4131100177764893,2.261096715927124,26.669137954711914,12.28549861907959,True,3.0245018005371094,True,False,1134,0.0,4,3.2478787302970886,2.478360176086426,4.622931480407715,4.921677589416504,True,29.277323519528863,True,loose,5+,0.3333608587943848,mid_load,4,2,True,False,True,True,True,True,near_tie,True,d4_mid_load,False,False,True,True,False,True
a1_multiheavy_ood_deeper_packets6_round9_eval_seed314,31,1154,6,3.0,34.34177159692949,5,15.31490421295166,0.44595556666974545,1.0,True,9,1,0,19.026866912841797,22.33681297302246,3.309946060180664,0.17396169718024795,3.4616901874542236,3.430135488510132,0.0315546989440918,3.4616901874542236,3.430135488510132,27.081520080566406,7.260251045227051,True,8.05465316772461,True,False,1154,0.0,4,2.7970815896987915,2.435349225997925,4.130944728851318,4.534902095794678,True,7.516078902854673,True,loose,5+,0.31948802642444263,low_load,4,2,True,False,True,True,True,True,near_tie,True,d4_low_load,False,False,True,True,False,True
a1_multiheavy_ood_deeper_packets6_round9_eval_seed314,31,1204,6,2.0,40.91478732867417,5,15.613531112670898,0.38161095613781965,1.0,True,9,0,1,25.30125617980957,25.740966796875,0.4397106170654297,0.017379003395741246,2.6551549434661865,2.382755994796753,0.2723989486694336,2.6551549434661865,2.382755994796753,25.740966796875,15.173819541931152,True,0.4397106170654297,True,False,1204,0.3125,4,2.7970815896987915,2.435349225997925,4.130944728851318,4.534902095794678,True,7.516078902854673,True,loose,5+,0.31948802642444263,low_load,4,2,True,False,True,True,True,True,near_tie,True,d4_low_load,False,True,False,False,False,True
a1_multiheavy_ood_deeper_packets6_round9_eval_seed314,32,1244,5,1.0,30.989884631774945,5,11.738290786743164,0.3787781376477765,1.0,True,9,0,1,19.25159454345703,19.819610595703125,0.5680160522460938,0.0295048833988218,2.6281955242156982,2.349078416824341,0.2791171073913574,2.6281955242156982,2.349078416824341,19.819610595703125,11.17027473449707,True,0.5680160522460938,True,False,1244,0.203125,4,2.0654331743717194,2.6335349082946777,4.597346782684326,4.963913440704346,True,7.60788868093411,True,loose,5+,0.3966143682906689,mid_load,4,2,True,False,True,True,True,True,near_tie,True,d4_mid_load,False,False,True,False,False,True
a1_multiheavy_ood_deeper_packets6_round9_eval_seed314,32,1254,5,1.0,39.02650620636883,5,10.324625968933105,0.2645541959184705,1.0,True,9,1,0,28.701879501342773,32.16228485107422,3.4604053497314453,0.12056371951424141,2.4440343379974365,2.4042980670928955,0.039736270904541016,2.4440343379974365,2.4042980670928955,34.42961120605469,4.596895217895508,True,5.727731704711914,True,False,1254,0.0,4,2.0654331743717194,2.6335349082946777,4.597346782684326,4.963913440704346,True,7.60788868093411,True,loose,5+,0.3966143682906689,mid_load,4,2,True,False,True,True,True,True,near_tie,True,d4_mid_load,False,False,True,True,False,True
a1_multiheavy_ood_deeper_packets6_round9_eval_seed314,33,1264,5,3.0,33.81435377191323,5,16.25636100769043,0.4807532658274024,1.0,True,9,1,0,17.557992935180664,17.897153854370117,0.3391609191894531,0.019316610984042595,2.3391382694244385,2.1854169368743896,0.15372133255004883,2.3391382694244385,2.1854169368743896,17.897153854370117,15.91719913482666,True,0.3391609191894531,True,False,1264,0.265625,4,0.5990371108055115,2.0270581245422363,4.081131935119629,4.361600399017334,True,0.570172876746085,True,loose,5+,0.15747316267547481,low_load,4,2,True,False,True,True,True,True,near_tie,True,d4_low_load,False,True,False,False,False,True
a1_multiheavy_ood_deeper_packets6_round9_eval_seed314,33,1284,5,2.0,29.925002995848406,5,11.396909713745117,0.3808490751137518,1.0,True,9,0,1,18.528093338012695,20.559839248657227,2.0317459106445312,0.10965758179100658,3.0962655544281006,2.9311399459838867,0.16512560844421387,3.0962655544281006,2.9311399459838867,20.559839248657227,9.365163803100586,True,2.0317459106445312,True,False,1284,0.0,4,0.5990371108055115,2.0270581245422363,4.081131935119629,4.361600399017334,True,0.570172876746085,True,loose,5+,0.15747316267547481,low_load,4,2,True,False,True,True,True,True,near_tie,True,d4_low_load,False,False,True,True,False,True
a1_multiheavy_ood_deeper_packets6_round9_eval_seed314,33,1294,5,2.0,35.61243882567711,5,14.923944473266602,0.4190654997350592,1.0,True,9,0,1,20.688493728637695,20.826622009277344,0.13812828063964844,0.006676575030131204,2.6047141551971436,2.4313595294952393,0.1733546257019043,2.6047141551971436,2.4313595294952393,20.826622009277344,14.785816192626953,True,0.13812828063964844,True,False,1294,0.421875,4,0.5990371108055115,2.0270581245422363,4.081131935119629,4.361600399017334,True,0.570172876746085,True,loose,5+,0.15747316267547481,low_load,4,2,True,False,True,True,True,True,near_tie,True,d4_low_load,False,True,False,False,False,True
a1_multiheavy_ood_deeper_packets6_round9_eval_seed314,35,1344,6,3.0,32.22016126574503,5,14.65085506439209,0.4547107925238163,1.0,True,9,0,1,17.569305419921875,20.124502182006836,2.555196762084961,0.1454352748167049,3.2686851024627686,2.867969512939453,0.40071558952331543,3.2686851024627686,2.867969512939453,20.124502182006836,12.095659255981445,True,2.555196762084961,True,False,1344,0.0,4,2.075380176305771,2.155242681503296,2.882526397705078,3.202604293823242,True,18.999021301282426,True,loose,5+,0.20635838150289018,low_load,4,2,True,False,True,True,True,True,near_tie,True,d4_low_load,False,False,True,True,False,True
a1_multiheavy_ood_deeper_packets6_round9_eval_seed314,35,1364,6,2.0,31.970677737857596,5,10.930765151977539,0.3418997007696849,0.8,True,9,1,0,21.039913177490234,23.559974670410156,2.520061492919922,0.11977528004326726,2.4778683185577393,2.2715537548065186,0.2063145637512207,2.4778683185577393,2.2715537548065186,23.559974670410156,8.4107027053833,True,2.520061492919922,True,False,1364,0.0,4,2.075380176305771,2.155242681503296,2.882526397705078,3.202604293823242,True,18.999021301282426,True,loose,5+,0.20635838150289018,low_load,4,2,True,False,True,True,True,True,near_tie,True,d4_low_load,False,False,True,True,False,True
a1_multiheavy_ood_deeper_packets6_round9_eval_seed314,37,1444,6,1.0,36.14985389393144,5,14.844990730285645,0.41065147244696626,1.0,True,9,1,0,21.30486297607422,23.3344783782959,2.0296154022216797,0.09526535817202757,2.691763401031494,2.2122557163238525,0.4795076847076416,2.691763401031494,2.2122557163238525,23.3344783782959,12.815376281738281,True,2.0296154022216797,True,False,1444,0.0,4,1.9366505146026611,3.3700613975524902,4.530599594116211,4.749969005584717,True,3.399151450851207,True,loose,5+,0.6042113955408753,mid_load,4,2,True,False,True,True,True,True,near_tie,True,d4_mid_load,False,False,True,True,False,True
a1_multiheavy_ood_deeper_packets6_round9_eval_seed314,38,1464,5,3.0,33.82844934723518,5,14.959941864013672,0.4422296071113398,1.0,True,9,0,1,18.868507385253906,20.240997314453125,1.3724899291992188,0.0727397192144539,3.8165853023529053,3.7138428688049316,0.10274243354797363,3.8165853023529053,3.7138428688049316,20.240997314453125,13.587451934814453,True,1.3724899291992188,True,False,1464,0.0,4,0.9334070682525635,2.3625619411468506,4.234686851501465,4.437001705169678,True,4.191654752471067,True,loose,5+,0.28183319570602805,low_load,4,2,True,False,True,True,True,True,near_tie,True,d4_low_load,False,False,True,False,False,True
a1_multiheavy_ood_deeper_packets6_round9_eval_seed314,39,1514,6,3.0,33.1123283806615,5,13.469256401062012,0.40677466852280986,1.0,True,9,0,1,19.6430721282959,19.77975082397461,0.13667869567871094,0.006958111989103013,2.165672540664673,1.6728914976119995,0.49278104305267334,2.165672540664673,1.6728914976119995,19.77975082397461,13.3325777053833,True,0.13667869567871094,True,False,1514,0.34375,4,0.6045747399330139,2.729311227798462,4.107231616973877,4.482091426849365,True,3.887837553273556,True,loose,5+,0.4370767960363336,mid_load,4,2,True,False,True,True,True,True,near_tie,True,d4_mid_load,False,True,False,False,False,True
a1_multiheavy_ood_deeper_packets6_round9_eval_seed314,39,1534,6,3.0,38.63933239078493,5,16.584434509277344,0.42921120741808044,1.0,True,9,1,0,22.05489730834961,22.804702758789062,0.7498054504394531,0.033997231542564905,2.4677348136901855,2.4425623416900635,0.02517247200012207,2.4677348136901855,2.4425623416900635,22.804702758789062,15.834630012512207,True,0.7498054504394531,True,False,1534,0.15625,4,0.6045747399330139,2.729311227798462,4.107231616973877,4.482091426849365,True,3.887837553273556,True,loose,5+,0.4370767960363336,mid_load,4,2,True,False,True,True,True,True,near_tie,True,d4_mid_load,False,False,True,False,False,True
a1_multiheavy_ood_deeper_packets6_round9_eval_seed314,39,1544,6,2.0,39.4668932460901,5,15.403013229370117,0.3902768108279225,1.0,True,9,1,0,24.063880920410156,27.016613006591797,2.9527320861816406,0.12270390199933356,2.460136651992798,2.310809373855591,0.14932727813720703,2.460136651992798,2.310809373855591,27.016613006591797,12.45028018951416,True,2.9527320861816406,True,False,1544,0.0,4,0.6045747399330139,2.729311227798462,4.107231616973877,4.482091426849365,True,3.887837553273556,True,loose,5+,0.4370767960363336,mid_load,4,2,True,False,True,True,True,True,near_tie,True,d4_mid_load,False,False,True,True,False,True
a1_multiheavy_ood_deeper_packets6_round9_eval_seed314,39,1564,6,1.0,49.61771617509691,5,21.434654235839844,0.43199598627632685,1.0,True,9,1,0,28.183061599731445,30.876379013061523,2.693317413330078,0.09556511111467544,2.281144857406616,2.2354328632354736,0.04571199417114258,2.281144857406616,2.2354328632354736,30.876379013061523,18.741336822509766,True,2.693317413330078,True,False,1564,0.0,4,0.6045747399330139,2.729311227798462,4.107231616973877,4.482091426849365,True,3.887837553273556,True,loose,5+,0.4370767960363336,mid_load,4,2,True,False,True,True,True,True,near_tie,True,d4_mid_load,False,False,True,True,False,True
a1_multiheavy_ood_deeper_packets6_round9_eval_seed314,42,1664,5,3.0,37.21911124608709,5,19.473831176757812,0.5232212840333508,1.0,True,9,1,0,17.74527931213379,19.24540901184082,1.5001296997070312,0.0845368322087373,3.485032320022583,3.4294273853302,0.05560493469238281,3.485032320022583,3.4294273853302,19.24540901184082,17.97370147705078,True,1.5001296997070312,True,False,1664,0.0,4,1.3721497058868408,1.8681519031524658,2.793213129043579,3.1592509746551514,True,3.124120559390832,True,loose,5+,0.11403798513625103,low_load,4,2,True,False,True,True,True,True,near_tie,True,d4_low_load,False,False,True,True,False,True
a1_multiheavy_ood_deeper_packets6_round9_eval_seed314,42,1674,5,3.0,37.6486587572342,5,15.695420265197754,0.41689188362339397,1.0,True,9,1,0,21.953237533569336,22.222259521484375,0.26902198791503906,0.01225431955098512,3.519855499267578,3.3615658283233643,0.15828967094421387,3.519855499267578,3.3615658283233643,22.222259521484375,15.426400184631348,True,0.26902198791503906,True,False,1674,0.265625,4,1.3721497058868408,1.8681519031524658,2.793213129043579,3.1592509746551514,True,3.124120559390832,True,loose,5+,0.11403798513625103,low_load,4,2,True,False,True,True,True,True,near_tie,True,d4_low_load,False,True,False,False,False,True
a1_multiheavy_ood_deeper_packets6_round9_eval_seed314,42,1694,5,1.0,33.18928644238668,5,12.353832244873047,0.37222349646829794,1.0,True,9,1,0,20.8354549407959,21.812681198120117,0.9772262573242188,0.046902083976616514,3.802788734436035,3.753627061843872,0.049161672592163086,3.802788734436035,3.753627061843872,21.812681198120117,11.376605033874512,True,0.9772262573242188,True,False,1694,0.0625,4,1.3721497058868408,1.8681519031524658,2.793213129043579,3.1592509746551514,True,3.124120559390832,True,loose,5+,0.11403798513625103,low_load,4,2,True,False,True,True,True,True,near_tie,True,d4_low_load,False,False,True,False,False,True
a1_multiheavy_ood_deeper_packets6_round9_eval_seed314,45,1774,5,2.0,35.27660650089462,5,12.829096794128418,0.3636715111416136,1.0,True,9,1,0,22.447509765625,23.08768081665039,0.6401710510253906,0.028518577682310076,2.526247262954712,2.4409377574920654,0.08530950546264648,2.526247262954712,2.4409377574920654,23.08768081665039,12.188925743103027,True,0.6401710510253906,True,False,1774,0.15625,4,0.9139014184474945,3.6501986980438232,4.675680160522461,4.892568111419678,True,4.594713836530474,True,loose,5+,0.6664739884393064,high_load,4,3,True,False,True,True,True,True,near_tie,True,d4_high_load,False,False,True,False,False,True
a1_multiheavy_ood_deeper_packets6_round9_eval_seed314,45,1784,5,1.0,37.79539356850895,5,15.29614543914795,0.40470925144414077,1.0,True,9,0,1,22.499248504638672,22.919605255126953,0.42035675048828125,0.01868314625715682,3.0874216556549072,2.7458603382110596,0.34156131744384766,3.0874216556549072,2.7458603382110596,22.919605255126953,14.875787734985352,True,0.42035675048828125,True,False,1784,0.3125,4,0.9139014184474945,3.6501986980438232,4.675680160522461,4.892568111419678,True,4.594713836530474,True,loose,5+,0.6664739884393064,high_load,4,3,True,False,True,True,True,True,near_tie,True,d4_high_load,False,True,False,False,False,True
a1_multiheavy_ood_deeper_packets6_round9_eval_seed314,45,1794,5,1.0,43.78438355048603,5,16.67450714111328,0.3808322919948518,1.0,True,9,1,0,27.10987663269043,31.011554718017578,3.9016780853271484,0.14392090890676765,2.5481393337249756,2.38722825050354,0.16091108322143555,2.5481393337249756,2.38722825050354,31.011554718017578,12.772828102111816,True,3.9016780853271484,True,False,1794,0.0,4,0.9139014184474945,3.6501986980438232,4.675680160522461,4.892568111419678,True,4.594713836530474,True,loose,5+,0.6664739884393064,high_load,4,3,True,False,True,True,True,True,near_tie,True,d4_high_load,False,False,True,True,False,True
a1_multiheavy_ood_deeper_packets6_round9_eval_seed314,47,1874,5,2.0,42.00100216766451,5,16.648096084594727,0.39637378218112296,1.0,True,9,0,1,25.3529052734375,26.973527908325195,1.6206226348876953,0.06392256104019914,3.241962194442749,2.5241615772247314,0.7178006172180176,3.241962194442749,2.5241615772247314,26.973527908325195,15.027474403381348,True,1.6206226348876953,True,False,1874,0.015625,4,0.6498900055885315,3.034130096435547,4.737122058868408,4.988265514373779,True,7.723434691739357,True,loose,5+,0.5049545829892651,mid_load,4,2,True,False,True,True,True,True,near_tie,True,d4_mid_load,False,False,True,True,False,True
a1_multiheavy_ood_heavy_dynamic_round9_eval_seed314,11,209,5,2.0,39.8774563319246,5,13.134193420410156,0.3293638719352154,1.0,True,8,1,0,26.743263244628906,28.041868209838867,1.298604965209961,0.0485582089714041,1.3495917320251465,1.099005103111267,0.2505866289138794,1.3495917320251465,1.099005103111267,28.041868209838867,11.835588455200195,True,1.298604965209961,True,False,209,0.03125,3,1.5156449675559998,4.279940128326416,5.816263198852539,6.319279670715332,True,11.335508064484145,True,loose,5+,0.839719240297275,high_load,3,2,True,False,True,True,True,True,near_tie,True,d3_high_load,False,False,True,False,False,True
a1_multiheavy_ood_heavy_dynamic_round9_eval_seed314,11,225,5,1.0,36.56664288408666,5,14.815332412719727,0.4051597643153392,1.0,True,8,1,0,21.751310348510742,22.904573440551758,1.1532630920410156,0.053020396176728574,2.699124336242676,2.679130792617798,0.01999354362487793,2.699124336242676,2.679130792617798,22.904573440551758,13.662070274353027,True,1.1532630920410156,True,False,225,0.03125,3,1.5156449675559998,4.279940128326416,5.816263198852539,6.319279670715332,True,11.335508064484145,True,loose,5+,0.839719240297275,high_load,3,2,True,False,True,True,True,True,near_tie,True,d3_high_load,False,False,True,False,False,True
a1_multiheavy_ood_heavy_dynamic_round9_eval_seed314,13,260,6,3.0,21.931120380888323,5,8.769997596740723,0.39988826126654514,0.8,True,7,0,1,13.16112232208252,16.57374382019043,3.41262149810791,0.25929562955144103,1.8626904487609863,0.5269524455070496,1.3357380032539368,1.8626904487609863,0.5269524455070496,16.57374382019043,5.357377052307129,True,3.41262149810791,True,False,260,0.0,2,1.554478019475937,4.081010818481445,5.289182186126709,5.810585021972656,True,9.982107659202654,True,loose,5+,0.7680429397192403,high_load,2,2,True,False,True,True,True,True,near_tie,True,d2_high_load,False,False,True,True,False,True
a1_multiheavy_ood_heavy_dynamic_round9_eval_seed314,13,272,6,2.0,23.163785247664567,5,8.0369234085083,0.34696071141130114,0.6,True,7,0,1,15.126862525939941,16.727842330932617,1.6009798049926758,0.10583687147597683,1.1469221115112305,-0.015933094546198845,1.1628552060574293,1.1469221115112305,-0.015933094546198845,16.727842330932617,6.435942649841309,True,1.6009798049926758,True,False,272,0.0,2,1.554478019475937,4.081010818481445,5.289182186126709,5.810585021972656,True,9.982107659202654,True,loose,5+,0.7680429397192403,high_load,2,2,True,False,True,True,True,True,near_tie,True,d2_high_load,False,False,True,True,False,True
a1_multiheavy_ood_heavy_dynamic_round9_eval_seed314,14,297,5,3.0,33.785819360598694,5,14.575447082519531,0.43140724003034064,1.0,True,8,0,1,19.210372924804688,19.75969886779785,0.5493259429931641,0.028595277413061938,2.942875623703003,2.5690057277679443,0.3738698959350586,2.942875623703003,2.5690057277679443,19.75969886779785,14.02612018585205,True,0.5493259429931641,True,False,297,0.125,3,0.6928672194480896,4.018824100494385,5.4397759437561035,5.751485347747803,True,13.3374712220363,True,loose,5+,0.7426094137076796,high_load,3,2,True,False,True,True,True,True,near_tie,True,d3_high_load,False,False,True,False,False,True
a1_multiheavy_ood_heavy_dynamic_round9_eval_seed314,14,305,5,2.0,27.752003208360758,5,11.252193450927734,0.40545517980978835,1.0,True,8,0,1,16.49980926513672,18.082979202270508,1.583169937133789,0.09595080232102736,2.4143173694610596,1.9612431526184082,0.45307421684265137,2.4143173694610596,1.9612431526184082,18.082979202270508,9.669023513793945,True,1.583169937133789,True,False,305,0.0,3,0.6928672194480896,4.018824100494385,5.4397759437561035,5.751485347747803,True,13.3374712220363,True,loose,5+,0.7426094137076796,high_load,3,2,True,False,True,True,True,True,near_tie,True,d3_high_load,False,False,True,True,False,True
a1_multiheavy_ood_heavy_dynamic_round9_eval_seed314,14,321,5,1.0,32.06933084091231,5,11.870572090148926,0.37015340759792514,1.0,True,8,1,0,20.198759078979492,22.532644271850586,2.3338851928710938,0.11554596912341653,1.0825755596160889,1.059458613395691,0.02311694622039795,1.0825755596160889,1.059458613395691,22.532644271850586,9.536686897277832,True,2.3338851928710938,True,False,321,0.0,3,0.6928672194480896,4.018824100494385,5.4397759437561035,5.751485347747803,True,13.3374712220363,True,loose,5+,0.7426094137076796,high_load,3,2,True,False,True,True,True,True,near_tie,True,d3_high_load,False,False,True,True,False,True
a1_multiheavy_ood_heavy_dynamic_round9_eval_seed314,14,329,5,1.0,33.16332421773956,5,8.992432594299316,0.2711559473126982,0.8,True,8,1,0,24.1708927154541,25.63038444519043,1.4594917297363281,0.06038220213534668,1.2087080478668213,1.0922751426696777,0.11643290519714355,1.2087080478668213,1.0922751426696777,25.63038444519043,7.532939910888672,True,1.4594917297363281,True,False,329,0.0,3,0.6928672194480896,4.018824100494385,5.4397759437561035,5.751485347747803,True,13.3374712220363,True,loose,5+,0.7426094137076796,high_load,3,2,True,False,True,True,True,True,near_tie,True,d3_high_load,False,False,True,True,False,True
a1_multiheavy_ood_heavy_dynamic_round9_eval_seed314,18,390,5,2.0,24.447836863768256,5,6.734127998352051,0.2754488274720142,0.6,True,7,0,1,17.713708877563477,19.642972946166992,1.9292640686035156,0.10891361498252682,2.6405255794525146,2.4629483222961426,0.17757725715637207,2.6405255794525146,2.4629483222961426,19.642972946166992,4.804863452911377,True,1.9292640686035156,True,False,390,0.0,3,0.9410905241966248,3.8831348419189453,4.980978965759277,5.293155193328857,True,2.6463361850103695,True,loose,5+,0.7145334434351776,high_load,3,2,True,False,True,True,True,True,near_tie,True,d3_high_load,False,False,True,True,False,True
a1_multiheavy_ood_heavy_dynamic_round9_eval_seed314,18,396,5,1.0,25.223619213431654,5,7.840750217437744,0.3108495315875416,0.6,True,7,0,1,17.382869720458984,18.208715438842773,0.8258457183837891,0.04750917033059275,2.655120611190796,2.2961204051971436,0.35900020599365234,2.655120611190796,2.2961204051971436,18.208715438842773,7.014903545379639,True,0.8258457183837891,True,False,396,0.03125,3,0.9410905241966248,3.8831348419189453,4.980978965759277,5.293155193328857,True,2.6463361850103695,True,loose,5+,0.7145334434351776,high_load,3,2,True,False,True,True,True,True,near_tie,True,d3_high_load,False,False,True,False,False,True
a1_multiheavy_ood_heavy_dynamic_round9_eval_seed314,22,500,5,1.0,37.18744789051031,5,14.426396369934082,0.3879372527098178,1.0,True,8,0,1,22.761051177978516,23.832077026367188,1.0710258483886719,0.04705520144978617,0.9657766222953796,0.8980872631072998,0.06768935918807983,0.9657766222953796,0.8980872631072998,23.832077026367188,13.35537052154541,True,1.0710258483886719,True,False,500,0.03125,3,3.3259070813655853,5.121683120727539,5.9143524169921875,6.322297096252441,True,39.5531651704963,True,loose,5+,0.997027250206441,high_load,3,2,True,False,True,True,True,True,near_tie,True,d3_high_load,False,False,True,False,False,True
a1_multiheavy_ood_heavy_dynamic_round9_eval_seed314,23,515,6,3.0,29.900496872921032,5,10.883805274963379,0.36400081648208815,1.0,True,8,1,0,19.016691207885742,20.443063735961914,1.4263725280761719,0.07500634639766833,0.8986111879348755,0.8666868209838867,0.03192436695098877,0.8986111879348755,0.8666868209838867,20.443063735961914,9.457432746887207,True,1.4263725280761719,True,False,515,0.0,3,3.2841120660305023,4.207431793212891,5.0875749588012695,5.196516036987305,True,5.3337001735483796,True,loose,5+,0.8215524360033031,high_load,3,2,True,False,True,True,True,True,near_tie,True,d3_high_load,False,False,True,True,False,True
a1_multiheavy_ood_heavy_dynamic_round9_eval_seed314,23,538,6,2.0,33.84812681810847,5,10.941972732543945,0.32326671402950663,1.0,True,8,0,1,22.906152725219727,23.852439880371094,0.9462871551513672,0.0413114837093312,2.2642674446105957,1.4994025230407715,0.7648649215698242,2.2642674446105957,1.4994025230407715,23.852439880371094,9.995687484741211,True,0.9462871551513672,True,False,538,0.046875,3,3.2841120660305023,4.207431793212891,5.0875749588012695,5.196516036987305,True,5.3337001735483796,True,loose,5+,0.8215524360033031,high_load,3,2,True,False,True,True,True,True,near_tie,True,d3_high_load,False,False,True,False,False,True
a1_multiheavy_ood_heavy_dynamic_round9_eval_seed314,25,575,5,3.0,36.35967734227799,5,16.472902297973633,0.45305413859708304,1.0,True,8,0,1,19.886775970458984,20.603673934936523,0.7168979644775391,0.03604897875565464,2.053865909576416,1.7276732921600342,0.32619261741638184,2.053865909576416,1.7276732921600342,20.603673934936523,15.756002426147461,True,0.7168979644775391,True,False,575,0.15625,3,1.0207932889461517,4.659411430358887,5.773589134216309,6.013937473297119,True,3.947347773509051,True,loose,5+,0.9459124690338563,high_load,3,2,True,False,True,True,True,True,near_tie,True,d3_high_load,False,False,True,False,False,True
a1_multiheavy_ood_heavy_dynamic_round9_eval_seed314,25,591,5,2.0,34.0974901490915,5,12.897787094116211,0.3782620667304412,1.0,True,8,1,0,21.199703216552734,23.273380279541016,2.0736770629882812,0.09781632515351223,2.7942190170288086,2.509716749191284,0.2845022678375244,2.7942190170288086,2.509716749191284,23.273380279541016,10.82411003112793,True,2.0736770629882812,True,False,591,0.0,3,1.0207932889461517,4.659411430358887,5.773589134216309,6.013937473297119,True,3.947347773509051,True,loose,5+,0.9459124690338563,high_load,3,2,True,False,True,True,True,True,near_tie,True,d3_high_load,False,False,True,True,False,True
a1_multiheavy_ood_heavy_dynamic_round9_eval_seed314,29,664,5,3.0,25.312343056395303,5,8.616418838500977,0.34040384247731625,0.8,True,7,0,1,16.695924758911133,16.923019409179688,0.2270946502685547,0.013601801250772122,2.2163522243499756,1.7946165800094604,0.42173564434051514,2.2163522243499756,1.7946165800094604,16.923019409179688,8.389324188232422,True,0.2270946502685547,True,False,664,0.3125,3,1.680164635181427,4.2743682861328125,5.122989654541016,5.26549768447876,True,15.744838952299489,True,loose,5+,0.8336911643270025,high_load,3,2,True,False,True,True,True,True,near_tie,True,d3_high_load,False,True,False,False,False,True
a1_multiheavy_ood_heavy_dynamic_round9_eval_seed314,29,691,5,2.0,33.460039563132945,5,13.345338821411133,0.39884408373848246,0.8,True,7,1,1,20.114700317382812,20.179550170898438,0.064849853515625,0.003224002967599908,1.2092045545578003,0.9274829030036926,0.28172165155410767,1.2092045545578003,1.2092045545578003,20.179550170898438,13.280488967895508,True,0.064849853515625,True,True,691,0.453125,3,1.680164635181427,4.2743682861328125,5.122989654541016,5.26549768447876,True,15.744838952299489,True,loose,5+,0.8336911643270025,high_load,3,2,True,False,True,True,True,True,near_tie,True,d3_high_load,False,True,False,False,False,True
a1_multiheavy_ood_heavy_dynamic_round9_eval_seed314,33,755,6,3.0,28.988320953162685,5,10.547030448913574,0.363837231758084,1.0,True,8,0,1,18.4412899017334,22.50456428527832,4.063274383544922,0.22033569263302955,1.9058560132980347,1.8216813802719116,0.08417463302612305,1.9058560132980347,1.8216813802719116,22.50456428527832,6.483757495880127,True,4.063274383544922,True,False,755,0.0,3,0.8541015982627869,4.581770896911621,5.902890682220459,6.074137210845947,True,22.547096804505742,True,loose,5+,0.9273327828241124,high_load,3,2,True,False,True,True,True,True,medium_gap,True,d3_high_load,False,False,True,True,False,True
a1_multiheavy_ood_heavy_dynamic_round9_eval_seed314,33,770,6,3.0,34.05153910524383,5,12.095030784606934,0.35519777086212045,1.0,True,8,0,1,21.95650863647461,24.78474235534668,2.8282337188720703,0.12881072149028966,1.9758163690567017,1.6827061176300049,0.2931102514266968,1.9758163690567017,1.6827061176300049,24.78474235534668,9.266797065734863,True,2.8282337188720703,True,False,770,0.0,3,0.8541015982627869,4.581770896911621,5.902890682220459,6.074137210845947,True,22.547096804505742,True,loose,5+,0.9273327828241124,high_load,3,2,True,False,True,True,True,True,near_tie,True,d3_high_load,False,False,True,True,False,True
a1_multiheavy_ood_heavy_dynamic_round9_eval_seed314,33,785,6,2.0,42.93333370757897,5,16.120309829711914,0.3754730517669122,1.0,True,8,0,1,26.813024520874023,28.156452178955078,1.3434276580810547,0.05010354788715432,1.8627053499221802,1.6922277212142944,0.17047762870788574,1.8627053499221802,1.6922277212142944,28.156452178955078,14.776881217956543,True,1.3434276580810547,True,False,785,0.015625,3,0.8541015982627869,4.581770896911621,5.902890682220459,6.074137210845947,True,22.547096804505742,True,loose,5+,0.9273327828241124,high_load,3,2,True,False,True,True,True,True,near_tie,True,d3_high_load,False,False,True,False,False,True
a1_multiheavy_ood_heavy_dynamic_round9_eval_seed314,35,807,6,3.0,29.09884673599288,5,10.37830924987793,0.35665706424855714,0.6,True,8,0,1,18.720537185668945,19.19818687438965,0.4776496887207031,0.02551474265847223,1.794379711151123,1.7462687492370605,0.0481109619140625,1.794379711151123,1.7462687492370605,19.19818687438965,9.900660514831543,True,0.4776496887207031,True,False,807,0.203125,3,1.8429086804389954,4.030494689941406,5.058091640472412,5.633418560028076,True,12.197180563105746,True,loose,5+,0.7496284062758051,high_load,3,2,True,False,True,True,True,True,near_tie,True,d3_high_load,False,False,True,False,False,True
a1_multiheavy_ood_heavy_dynamic_round9_eval_seed314,35,830,6,1.0,32.06168560450701,5,9.452713966369629,0.29482897695936583,0.8,True,8,1,0,22.608972549438477,25.53053092956543,2.921558380126953,0.12922119188470216,2.519376516342163,2.4079954624176025,0.11138105392456055,2.519376516342163,2.4079954624176025,25.53053092956543,6.531154155731201,True,2.921558380126953,True,False,830,0.0,3,1.8429086804389954,4.030494689941406,5.058091640472412,5.633418560028076,True,12.197180563105746,True,loose,5+,0.7496284062758051,high_load,3,2,True,False,True,True,True,True,near_tie,True,d3_high_load,False,False,True,True,False,True
a1_multiheavy_ood_heavy_dynamic_round9_eval_seed314,35,838,6,1.0,36.89894839261774,5,13.403139114379883,0.36323905418023805,1.0,True,8,0,1,23.49580955505371,24.080036163330078,0.5842266082763672,0.02486514060762405,1.0789604187011719,0.216770738363266,0.8621896803379059,1.0789604187011719,0.216770738363266,24.080036163330078,12.818912506103516,True,0.5842266082763672,True,False,838,0.265625,3,1.8429086804389954,4.030494689941406,5.058091640472412,5.633418560028076,True,12.197180563105746,True,loose,5+,0.7496284062758051,high_load,3,2,True,False,True,True,True,True,near_tie,True,d3_high_load,False,True,False,False,False,True
a1_multiheavy_ood_heavy_dynamic_round9_eval_seed314,36,860,5,2.0,31.697251949265436,5,11.397624969482422,0.35957770054405475,1.0,True,8,0,1,20.29962730407715,21.700176239013672,1.4005489349365234,0.06899382505683863,2.9951694011688232,2.69761323928833,0.29755616188049316,2.9951694011688232,2.69761323928833,21.700176239013672,9.997075080871582,True,1.4005489349365234,True,False,860,0.0,3,1.258039951324463,4.552816867828369,5.850338935852051,6.19980525970459,True,3.8713128993712473,True,loose,5+,0.9173410404624277,high_load,3,2,True,False,True,True,True,True,near_tie,True,d3_high_load,False,False,True,False,False,True
a1_multiheavy_ood_heavy_dynamic_round9_eval_seed314,39,957,6,1.0,29.699318521727783,5,9.16870403289795,0.3087176571472574,0.6,True,7,0,1,20.530614852905273,20.832664489746094,0.3020496368408203,0.014712157380814023,1.9850565195083618,1.5751004219055176,0.40995609760284424,1.9850565195083618,1.5751004219055176,20.832664489746094,8.866654396057129,True,0.3020496368408203,True,False,957,0.359375,2,2.536615490913391,3.965597152709961,5.028116703033447,5.259069919586182,True,21.23912698492512,True,loose,5+,0.7312138728323699,high_load,2,2,True,False,True,True,True,True,near_tie,True,d2_high_load,False,True,False,False,False,True
a1_multiheavy_ood_heavy_dynamic_round9_eval_seed314,43,1030,6,3.0,26.59911824596303,5,7.748392581939697,0.29130261049595796,0.6,True,8,0,1,18.850725173950195,22.04299545288086,3.192270278930664,0.16934469361115403,2.4081952571868896,1.7841625213623047,0.624032735824585,2.4081952571868896,1.7841625213623047,22.04299545288086,4.556122779846191,True,3.192270278930664,True,False,1030,0.0,3,1.610290139913559,4.867735385894775,5.980264186859131,6.337390899658203,True,4.23083661478023,True,loose,5+,0.9867052023121388,high_load,3,2,True,False,True,True,True,True,near_tie,True,d3_high_load,False,False,True,True,False,True
a1_multiheavy_ood_heavy_dynamic_round9_eval_seed314,43,1037,6,3.0,29.26714326343021,5,8.852808952331543,0.30248285159396743,0.6,True,8,0,1,20.414335250854492,21.402820587158203,0.9884853363037109,0.04842113760536657,2.4667651653289795,1.6907274723052979,0.7760376930236816,2.4667651653289795,1.6907274723052979,21.402820587158203,7.864322662353516,True,0.9884853363037109,True,False,1037,0.078125,3,1.610290139913559,4.867735385894775,5.980264186859131,6.337390899658203,True,4.23083661478023,True,loose,5+,0.9867052023121388,high_load,3,2,True,False,True,True,True,True,near_tie,True,d3_high_load,False,False,True,False,False,True
a1_multiheavy_ood_heavy_dynamic_round9_eval_seed314,47,1155,6,3.0,29.250161845794818,5,9.203009605407715,0.3146310661091537,0.8,True,9,0,1,20.04715347290039,20.321535110473633,0.2743816375732422,0.013686812840743174,2.5911595821380615,2.0724942684173584,0.5186653137207031,2.5911595821380615,2.0724942684173584,20.321535110473633,8.92862606048584,True,0.2743816375732422,True,False,1155,0.296875,3,0.8455375134944916,4.36742639541626,5.239645481109619,5.387287616729736,True,1.6342462620286256,True,loose,5+,0.8627580511973576,high_load,3,2,True,False,True,True,True,True,near_tie,True,d3_high_load,False,True,False,False,False,True
a1_multiheavy_ood_heavy_dynamic_round9_eval_seed314,47,1156,6,3.0,29.250161845794818,5,11.514823913574219,0.3936670153922468,1.0,True,7,1,10,17.73533821105957,18.385391235351562,0.6500530242919922,0.03665298155332758,4.587167263031006,0.6429930329322815,3.9441742300987244,4.587167263031006,0.6429930329322815,18.385391235351562,10.864771842956543,True,0.6500530242919922,True,False,1156,0.1875,3,0.8455375134944916,4.36742639541626,5.239645481109619,5.387287616729736,True,1.6342462620286256,True,loose,5+,0.8627580511973576,high_load,3,2,True,False,True,True,True,True,near_tie,True,d3_high_load,False,False,True,False,False,True
a1_multiheavy_ood_heavy_dynamic_round9_eval_seed314,47,1163,6,3.0,31.656764376386977,5,11.47201919555664,0.36238761040637835,0.8,True,8,0,1,20.18474578857422,23.132524490356445,2.9477787017822266,0.1460399220608885,2.539315938949585,2.125192642211914,0.4141232967376709,2.539315938949585,2.125192642211914,23.132524490356445,8.524239540100098,True,2.9477787017822266,True,False,1163,0.0,3,0.8455375134944916,4.36742639541626,5.239645481109619,5.387287616729736,True,1.6342462620286256,True,loose,5+,0.8627580511973576,high_load,3,2,True,False,True,True,True,True,near_tie,True,d3_high_load,False,False,True,True,False,True
a1_multiheavy_ood_heavy_dynamic_round9_eval_seed314,47,1170,6,2.0,29.435284970134326,5,7.9185662269592285,0.26901612248679013,0.6,True,8,0,1,21.5167179107666,22.361845016479492,0.8451271057128906,0.03927769603234903,2.6233937740325928,2.2530834674835205,0.37031030654907227,2.6233937740325928,2.2530834674835205,22.361845016479492,7.073439598083496,True,0.8451271057128906,True,False,1170,0.03125,3,0.8455375134944916,4.36742639541626,5.239645481109619,5.387287616729736,True,1.6342462620286256,True,loose,5+,0.8627580511973576,high_load,3,2,True,False,True,True,True,True,near_tie,True,d3_high_load,False,False,True,False,False,True
a1_multiheavy_mixed_compute_round9_eval_seed314,1,30,6,1.0,27.796501005712372,5,12.76878833770752,0.45936675033607455,1.0,True,7,1,0,15.02771282196045,15.484786987304688,0.4570741653442383,0.030415417885568192,3.0587027072906494,2.829705238342285,0.22899746894836426,3.0587027072906494,2.829705238342285,15.484786987304688,12.311714172363281,True,0.4570741653442383,True,False,30,0.15625,4,2.1444392800331116,3.3588624000549316,5.672569274902344,5.931585788726807,True,2.154719110098,True,loose,5+,0.589925681255161,mid_load,4,2,True,False,True,True,True,True,near_tie,True,d4_mid_load,False,False,True,False,False,True
a1_multiheavy_mixed_compute_round9_eval_seed314,2,85,6,1.0,35.74822173398859,5,17.357213973999023,0.48554062641656326,1.0,True,8,1,0,18.391008377075195,21.9168758392334,3.525867462158203,0.19171691893486797,2.6620166301727295,2.6199142932891846,0.04210233688354492,2.6620166301727295,2.6199142932891846,21.9168758392334,13.831345558166504,True,3.525867462158203,True,False,85,0.0,3,2.729190707206726,4.490592956542969,6.174725532531738,6.373382568359375,True,16.446858087148513,True,loose,5+,0.8968620974401321,high_load,3,2,True,False,True,True,True,True,near_tie,True,d3_high_load,False,False,True,True,False,True
a1_multiheavy_mixed_compute_round9_eval_seed314,2,93,6,1.0,37.504760838015166,5,15.70019817352295,0.4186188052586936,1.0,True,8,0,1,21.804563522338867,22.82042121887207,1.0158576965332031,0.04658922410863454,1.996141791343689,1.569412350654602,0.4267294406890869,1.996141791343689,1.569412350654602,22.82042121887207,14.68433952331543,True,1.0158576965332031,True,False,93,0.015625,3,2.729190707206726,4.490592956542969,6.174725532531738,6.373382568359375,True,16.446858087148513,True,loose,5+,0.8968620974401321,high_load,3,2,True,False,True,True,True,True,near_tie,True,d3_high_load,False,False,True,False,False,True
a1_multiheavy_mixed_compute_round9_eval_seed314,7,162,6,3.0,26.14004434605873,5,13.891915321350098,0.5314419186685372,1.0,True,7,0,1,12.248128890991211,13.598773956298828,1.3506450653076172,0.11027358360843578,2.114895820617676,-0.6885248422622681,2.803420662879944,2.114895820617676,-0.6885248422622681,13.598773956298828,12.54127025604248,True,1.3506450653076172,True,False,162,0.0,4,0.9404650032520294,3.7212185859680176,5.276250839233398,5.568665981292725,True,5.947376022352671,True,loose,5+,0.6854665565648225,high_load,4,3,True,False,True,True,True,True,near_tie,True,d4_high_load,False,False,True,False,False,True
a1_multiheavy_mixed_compute_round9_eval_seed314,7,191,6,1.0,26.159035303877236,5,11.066690444946289,0.4230542264418294,1.0,True,7,0,1,15.092345237731934,16.476003646850586,1.3836584091186523,0.0916794830308684,3.0764238834381104,0.9487192034721375,2.127704679965973,3.0764238834381104,0.9487192034721375,16.476003646850586,9.683032989501953,True,1.3836584091186523,True,False,191,0.0,4,0.9404650032520294,3.7212185859680176,5.276250839233398,5.568665981292725,True,5.947376022352671,True,loose,5+,0.6854665565648225,high_load,4,3,True,False,True,True,True,True,near_tie,True,d4_high_load,False,False,True,False,False,True
a1_multiheavy_mixed_compute_round9_eval_seed314,11,233,3,1.0,26.979625646342598,3,7.2208662033081055,0.2676414527748267,0.3333333333333333,True,10,28,34,19.758760452270508,19.758760452270508,0.0,0.0,-7.461767673492432,-9.8264799118042,2.3647122383117676,-7.461767673492432,-10.951414108276367,30.59375762939453,-3.614131212234497,False,10.834997177124023,True,False,233,0.0,4,0.6243222653865814,3.716341257095337,5.869568347930908,6.157741546630859,True,5018.105244557059,False,loose,3,0.6799339388934764,high_load,4,2,True,False,True,True,True,True,near_tie,True,d4_high_load,False,False,True,True,False,True
a1_multiheavy_mixed_compute_round9_eval_seed314,11,243,3,1.0,38.07082361912513,5,16.401947021484375,0.4308272178604707,1.0,True,9,0,1,21.66887664794922,22.383514404296875,0.7146377563476562,0.03297991713914209,2.6915295124053955,1.622357964515686,1.0691715478897095,2.6915295124053955,1.622357964515686,22.383514404296875,15.687309265136719,True,0.7146377563476562,True,False,243,0.09375,4,0.6243222653865814,3.716341257095337,5.869568347930908,6.157741546630859,True,5018.105244557059,False,loose,3,0.6799339388934764,high_load,4,2,True,False,True,True,True,True,near_tie,True,d4_high_load,False,False,True,False,False,True
a1_multiheavy_mixed_compute_round9_eval_seed314,13,258,4,3.0,32.43485932557171,5,9.762338638305664,0.30098291903516955,1.0,True,9,0,1,22.672521591186523,22.953798294067383,0.2812767028808594,0.0124060617496644,2.1339097023010254,0.26520591974258423,1.8687037825584412,2.1339097023010254,0.26520591974258423,22.953798294067383,9.481060981750488,True,0.2812767028808594,True,False,258,0.40625,4,1.075465053319931,4.741977691650391,5.827426433563232,6.120354175567627,True,18.604860416358548,True,loose,4,0.963831544178365,high_load,4,2,True,False,True,True,True,True,near_tie,True,d4_high_load,False,True,False,False,False,True
a1_multiheavy_mixed_compute_round9_eval_seed314,13,286,4,1.0,39.2480102106164,5,22.77406883239746,0.5802604695164185,1.0,True,7,0,1,16.473941802978516,18.2619571685791,1.788015365600586,0.10853597681626566,2.104661226272583,0.5420601963996887,1.5626010298728943,2.104661226272583,0.5420601963996887,18.2619571685791,20.986053466796875,True,1.788015365600586,True,False,286,0.0,4,1.075465053319931,4.741977691650391,5.827426433563232,6.120354175567627,True,18.604860416358548,True,loose,4,0.963831544178365,high_load,4,2,True,False,True,True,True,True,near_tie,True,d4_high_load,False,False,True,True,False,True
a1_multiheavy_mixed_compute_round9_eval_seed314,14,301,4,2.0,32.445187699048894,5,10.009379386901855,0.308501201464625,1.0,True,9,1,0,22.435808181762695,26.399871826171875,3.9640636444091797,0.17668468246360888,3.7097463607788086,3.589156150817871,0.1205902099609375,3.7097463607788086,3.589156150817871,26.399871826171875,6.045315742492676,True,3.9640636444091797,True,False,301,0.0,4,2.4483194947242737,4.083960056304932,5.071788311004639,5.300452709197998,True,12.694060387615679,True,loose,4,0.773905862923204,high_load,4,2,True,False,True,True,True,True,medium_gap,True,d4_high_load,False,False,True,True,False,True
a1_multiheavy_mixed_compute_round9_eval_seed314,14,310,4,1.0,34.78557240548975,5,13.146093368530273,0.37791798321696146,1.0,True,9,1,0,21.63947868347168,25.21877098083496,3.5792922973632812,0.1654056620179653,2.5580575466156006,2.32519268989563,0.2328648567199707,2.5580575466156006,2.32519268989563,25.21877098083496,9.566801071166992,True,3.5792922973632812,True,False,310,0.0,4,2.4483194947242737,4.083960056304932,5.071788311004639,5.300452709197998,True,12.694060387615679,True,loose,4,0.773905862923204,high_load,4,2,True,False,True,True,True,True,near_tie,True,d4_high_load,False,False,True,True,False,True
a1_multiheavy_mixed_compute_round9_eval_seed314,17,395,2,1.0,31.868313917154097,5,13.304586410522461,0.4174863610641434,1.0,True,8,0,1,18.56372833251953,19.169321060180664,0.6055927276611328,0.03262236533596911,2.806675434112549,2.656755208969116,0.14992022514343262,2.806675434112549,2.656755208969116,19.169321060180664,12.698991775512695,True,0.6055927276611328,True,False,395,0.203125,4,0.0013540685176849365,3.973947286605835,6.097689151763916,6.4204487800598145,True,0.6199867758963862,True,loose,2,0.7357555739058629,high_load,4,2,True,False,True,True,True,True,near_tie,True,d4_high_load,False,False,True,False,False,True
a1_multiheavy_mixed_compute_round9_eval_seed314,19,418,5,2.0,37.33699647608895,5,13.812466621398926,0.36994048598002766,1.0,True,9,0,1,23.5245304107666,25.06551742553711,1.5409870147705078,0.06550553774562215,3.796302556991577,3.579561948776245,0.21674060821533203,3.796302556991577,3.579561948776245,25.06551742553711,12.271478652954102,True,1.5409870147705078,True,False,418,0.0,4,0.8013974726200104,4.342012405395508,6.207325458526611,6.435425758361816,True,9.574240468752492,True,loose,5+,0.8554087530966143,high_load,4,3,True,False,True,True,True,True,near_tie,True,d4_high_load,False,False,True,True,False,True
a1_multiheavy_mixed_compute_round9_eval_seed314,19,428,5,2.0,39.987698402100904,5,20.857925415039062,0.5216085508423064,1.0,True,9,0,1,19.129772186279297,20.551673889160156,1.4219017028808594,0.07432925437035309,3.924739122390747,3.4776017665863037,0.44713735580444336,3.924739122390747,3.4776017665863037,20.551673889160156,19.436023712158203,True,1.4219017028808594,True,False,428,0.015625,4,0.8013974726200104,4.342012405395508,6.207325458526611,6.435425758361816,True,9.574240468752492,True,loose,5+,0.8554087530966143,high_load,4,3,True,False,True,True,True,True,near_tie,True,d4_high_load,False,False,True,False,False,True
a1_multiheavy_mixed_compute_round9_eval_seed314,23,498,5,3.0,26.868763962207066,5,12.305928230285645,0.4580012779000499,1.0,True,8,0,1,14.562835693359375,18.8049259185791,4.242090225219727,0.2912956181435262,2.7693750858306885,2.5512335300445557,0.2181415557861328,2.7693750858306885,2.5512335300445557,18.8049259185791,8.063838005065918,True,4.242090225219727,True,False,498,0.0,3,1.1874205321073532,3.8727242946624756,4.759579658508301,4.956292152404785,True,12.641079308871952,True,loose,5+,0.7086705202312139,high_load,3,2,True,False,True,True,True,True,medium_gap,True,d3_high_load,False,False,True,True,False,True
a1_multiheavy_mixed_compute_round9_eval_seed314,23,506,5,3.0,30.910571617079704,5,15.898347854614258,0.5143336736558308,1.0,True,7,0,1,15.012224197387695,15.627317428588867,0.6150932312011719,0.04097282475359017,1.9818254709243774,1.0765957832336426,0.9052296876907349,1.9818254709243774,1.0765957832336426,15.627317428588867,15.28325366973877,True,0.6150932312011719,True,False,506,0.0625,3,1.1874205321073532,3.8727242946624756,4.759579658508301,4.956292152404785,True,12.641079308871952,True,loose,5+,0.7086705202312139,high_load,3,2,True,False,True,True,True,True,near_tie,True,d3_high_load,False,False,True,False,False,True
a1_multiheavy_mixed_compute_round9_eval_seed314,23,513,5,3.0,33.95745425544297,5,10.452311515808105,0.3078060986898842,1.0,True,8,0,1,23.505142211914062,24.097013473510742,0.5918712615966797,0.025180501196741437,0.9129989147186279,0.11511719226837158,0.7978817224502563,0.9129989147186279,0.11511719226837158,24.097013473510742,9.860441207885742,True,0.5918712615966797,True,False,513,0.171875,3,1.1874205321073532,3.8727242946624756,4.759579658508301,4.956292152404785,True,12.641079308871952,True,loose,5+,0.7086705202312139,high_load,3,2,True,False,True,True,True,True,near_tie,True,d3_high_load,False,False,True,False,False,True
a1_multiheavy_mixed_compute_round9_eval_seed314,23,521,5,2.0,28.72637710309807,5,11.737354278564453,0.40859152675046545,1.0,True,8,0,1,16.989023208618164,18.78946304321289,1.8004398345947266,0.10597665401277469,2.3322107791900635,1.1807923316955566,1.1514184474945068,2.3322107791900635,1.1807923316955566,18.78946304321289,9.93691349029541,True,1.8004398345947266,True,False,521,0.0,3,1.1874205321073532,3.8727242946624756,4.759579658508301,4.956292152404785,True,12.641079308871952,True,loose,5+,0.7086705202312139,high_load,3,2,True,False,True,True,True,True,near_tie,True,d3_high_load,False,False,True,True,False,True
a1_multiheavy_mixed_compute_round9_eval_seed314,25,553,5,2.0,30.23094420227327,5,6.935052871704102,0.2294024568105487,1.0,True,9,1,0,23.29589080810547,26.400495529174805,3.104604721069336,0.13326834104103602,2.2760467529296875,2.1552369594573975,0.12080979347229004,2.2760467529296875,2.1552369594573975,26.400495529174805,3.8304479122161865,True,3.104604721069336,True,False,553,0.0,4,0.9036216735839844,4.114880084991455,6.01409387588501,6.290836334228516,True,0.7236173214802761,True,loose,5+,0.783402146985962,high_load,4,3,True,False,True,True,True,True,near_tie,True,d4_high_load,False,False,True,True,False,True
a1_multiheavy_mixed_compute_round9_eval_seed314,25,562,5,2.0,34.82126603455164,5,10.185203552246094,0.2924995186027916,1.0,True,9,1,0,24.636062622070312,24.91398811340332,0.2779254913330078,0.011281246341857695,2.263481855392456,2.2608094215393066,0.002672433853149414,2.263481855392456,2.2608094215393066,24.91398811340332,9.90727710723877,True,0.2779254913330078,True,False,562,0.390625,4,0.9036216735839844,4.114880084991455,6.01409387588501,6.290836334228516,True,0.7236173214802761,True,loose,5+,0.783402146985962,high_load,4,3,True,False,True,True,True,True,near_tie,True,d4_high_load,False,True,False,False,False,True
a1_multiheavy_mixed_compute_round9_eval_seed314,25,570,5,2.0,36.19067493765106,5,9.254831314086914,0.25572419773964,1.0,True,9,1,0,26.935842514038086,27.984872817993164,1.0490303039550781,0.03894551668129028,2.516895294189453,2.2976551055908203,0.2192401885986328,2.516895294189453,2.2976551055908203,27.984872817993164,8.205801963806152,True,1.0490303039550781,True,False,570,0.078125,4,0.9036216735839844,4.114880084991455,6.01409387588501,6.290836334228516,True,0.7236173214802761,True,loose,5+,0.783402146985962,high_load,4,3,True,False,True,True,True,True,near_tie,True,d4_high_load,False,False,True,False,False,True
a1_multiheavy_mixed_compute_round9_eval_seed314,28,600,4,3.0,27.870587784399895,5,8.441967010498047,0.30289877902120527,0.6,True,8,0,1,19.428621292114258,20.66093635559082,1.2323150634765625,0.06342781842048349,1.0045078992843628,0.15127193927764893,0.8532359600067139,1.0045078992843628,0.15127193927764893,20.66093635559082,7.209651470184326,True,1.2323150634765625,True,False,600,0.0,4,0.55596624314785,3.909156084060669,5.094999313354492,5.660762310028076,True,0.0,True,loose,4,0.723121387283237,high_load,4,2,True,False,True,True,True,True,near_tie,True,d4_high_load,False,False,True,False,False,True
a1_multiheavy_mixed_compute_round9_eval_seed314,28,626,4,1.0,29.116833058687146,5,14.438994407653809,0.49589851954541003,1.0,True,7,0,1,14.677838325500488,18.091856002807617,3.414017677307129,0.23259676265651447,1.448561191558838,0.6823026537895203,0.7662585377693176,1.448561191558838,0.6823026537895203,18.091856002807617,11.024975776672363,True,3.414017677307129,True,False,626,0.0,4,0.55596624314785,3.909156084060669,5.094999313354492,5.660762310028076,True,0.0,True,loose,4,0.723121387283237,high_load,4,2,True,False,True,True,True,True,near_tie,True,d4_high_load,False,False,True,True,False,True
a1_multiheavy_mixed_compute_round9_eval_seed314,29,633,2,1.0,22.000703460360967,5,12.44281005859375,0.5655641912092569,1.0,True,7,0,1,9.557892799377441,12.3560209274292,2.798128128051758,0.2927557555608926,2.9066100120544434,2.8506410121917725,0.0559689998626709,2.9066100120544434,2.8506410121917725,12.3560209274292,9.644681930541992,True,2.798128128051758,True,False,633,0.0,4,1.7661570310592651,4.622062683105469,5.5716328620910645,5.80187463760376,True,4.334703228134188,True,loose,2,0.9414533443435178,high_load,4,2,True,False,True,True,True,True,near_tie,True,d4_high_load,False,False,True,True,False,True
a1_multiheavy_mixed_compute_round9_eval_seed314,29,639,2,1.0,25.189806346582643,5,6.840025424957275,0.2715394207818205,0.8,True,8,1,0,18.349781036376953,20.764545440673828,2.414764404296875,0.13159636071459382,2.2209107875823975,2.1530447006225586,0.06786608695983887,2.2209107875823975,2.1530447006225586,20.764545440673828,4.4252610206604,True,2.414764404296875,True,False,639,0.0,4,1.7661570310592651,4.622062683105469,5.5716328620910645,5.80187463760376,True,4.334703228134188,True,loose,2,0.9414533443435178,high_load,4,2,True,False,True,True,True,True,near_tie,True,d4_high_load,False,False,True,True,False,True
a1_multiheavy_mixed_compute_round9_eval_seed314,32,668,6,3.0,26.694967126061446,5,6.791046142578125,0.2543942500662697,0.6,True,9,0,1,19.903921127319336,21.52717399597168,1.6232528686523438,0.08155442629966671,3.906423807144165,2.784980058670044,1.121443748474121,3.906423807144165,2.784980058670044,21.52717399597168,5.167792320251465,True,1.6232528686523438,True,False,668,0.0,4,0.27774283289909363,3.608978271484375,4.156291484832764,4.4922332763671875,True,6.076662053267199,True,loose,5+,0.6551610239471511,mid_load,4,2,True,False,True,True,True,True,near_tie,True,d4_mid_load,False,False,True,True,False,True
a1_multiheavy_mixed_compute_round9_eval_seed314,32,694,6,1.0,32.00146187044428,5,15.376558303833008,0.48049549630213606,1.0,True,7,0,1,16.62490463256836,16.833890914916992,0.2089862823486328,0.012570675559799996,1.7443537712097168,1.4840829372406006,0.2602708339691162,1.7443537712097168,1.4840829372406006,16.833890914916992,15.167571067810059,True,0.2089862823486328,True,False,694,0.40625,4,0.27774283289909363,3.608978271484375,4.156291484832764,4.4922332763671875,True,6.076662053267199,True,loose,5+,0.6551610239471511,mid_load,4,2,True,False,True,True,True,True,near_tie,True,d4_mid_load,False,True,False,False,False,True
a1_multiheavy_mixed_compute_round9_eval_seed314,32,701,6,1.0,33.227730541393434,5,13.077046394348145,0.3935582172263441,1.0,True,9,0,1,20.150684356689453,20.74256134033203,0.5918769836425781,0.02937254999213423,1.8654781579971313,0.7388008236885071,1.1266773343086243,1.8654781579971313,0.7388008236885071,20.74256134033203,12.485169410705566,True,0.5918769836425781,True,False,701,0.140625,4,0.27774283289909363,3.608978271484375,4.156291484832764,4.4922332763671875,True,6.076662053267199,True,loose,5+,0.6551610239471511,mid_load,4,2,True,False,True,True,True,True,near_tie,True,d4_mid_load,False,False,True,False,False,True
a1_multiheavy_mixed_compute_round9_eval_seed314,34,727,5,3.0,32.55752509433104,5,15.592232704162598,0.4789133283007908,1.0,True,7,0,1,16.96529197692871,17.03806495666504,0.07277297973632812,0.004289521208081353,1.671663761138916,0.5365176796913147,1.1351460814476013,1.671663761138916,0.5365176796913147,17.03806495666504,15.51945972442627,True,0.07277297973632812,True,False,727,0.40625,4,1.4368202686309814,3.7376811504364014,5.0176286697387695,5.966724395751953,False,2.144879529650723,True,loose,5+,0.6982658959537572,high_load,4,3,True,False,True,True,True,True,near_tie,True,d4_high_load,False,True,False,False,False,True
a1_multiheavy_mixed_compute_round9_eval_seed314,34,733,5,2.0,25.748047143298646,5,11.34537410736084,0.44063046972918335,0.8,True,8,0,1,14.40267276763916,14.900033950805664,0.4973611831665039,0.03453256150372357,1.456750750541687,-1.0148838758468628,2.47163462638855,1.456750750541687,-1.0148838758468628,14.900033950805664,10.848012924194336,True,0.4973611831665039,True,False,733,0.078125,4,1.4368202686309814,3.7376811504364014,5.0176286697387695,5.966724395751953,False,2.144879529650723,True,loose,5+,0.6982658959537572,high_load,4,3,True,False,True,True,True,True,near_tie,True,d4_high_load,False,False,True,False,False,True
a1_multiheavy_mixed_compute_round9_eval_seed314,40,877,6,2.0,29.812792073754917,5,14.100759506225586,0.47297681717771417,1.0,True,7,0,1,15.712032318115234,17.527143478393555,1.8151111602783203,0.1155236396876286,2.142442464828491,1.4266095161437988,0.7158329486846924,2.142442464828491,1.4266095161437988,17.527143478393555,12.285649299621582,True,1.8151111602783203,True,False,877,0.0,4,0.023406177759170532,4.133617401123047,5.064406394958496,5.514710903167725,True,2.524383194468726,True,loose,5+,0.790503715937242,high_load,4,3,True,False,True,True,True,True,near_tie,True,d4_high_load,False,False,True,True,False,True
a1_multiheavy_mixed_compute_round9_eval_seed314,41,909,3,3.0,37.31572933334116,5,15.381711959838867,0.41220451092980487,1.0,True,9,1,0,21.934017181396484,24.67864990234375,2.7446327209472656,0.12513132903329482,2.540334463119507,2.433924436569214,0.10641002655029297,2.540334463119507,2.433924436569214,24.67864990234375,12.637079238891602,True,2.7446327209472656,True,False,909,0.0,4,2.104055166244507,4.160743713378906,4.964815139770508,5.109947204589844,True,3.2867703917747946,True,loose,3,0.8026424442609413,high_load,4,2,True,False,True,True,True,True,near_tie,True,d4_high_load,False,False,True,True,False,True
a1_multiheavy_mixed_compute_round9_eval_seed314,46,1016,3,2.0,28.417466121847674,5,13.143755912780762,0.4625238526342675,1.0,True,7,0,1,15.273710250854492,17.032812118530273,1.7591018676757812,0.11517187630146171,2.828298568725586,2.683682441711426,0.14461612701416016,2.828298568725586,2.683682441711426,17.032812118530273,11.38465404510498,True,1.7591018676757812,True,False,1016,0.0,4,1.124772846698761,4.3272013664245605,5.8897857666015625,6.237403392791748,False,0.0,True,loose,3,0.8450867052023121,high_load,4,2,True,False,True,True,True,True,near_tie,True,d4_high_load,False,False,True,True,False,True
a1_multiheavy_mixed_compute_round9_eval_seed314,47,1033,4,3.0,33.60463999090585,5,14.52954387664795,0.4323671933572257,1.0,True,8,0,1,19.075096130371094,20.800687789916992,1.7255916595458984,0.09046306491732098,2.527534008026123,2.2474894523620605,0.2800445556640625,2.527534008026123,2.2474894523620605,20.800687789916992,12.80395221710205,True,1.7255916595458984,True,False,1033,0.0,4,0.7853751331567764,4.139580249786377,5.302955150604248,5.998647689819336,True,7.557841830449377,True,loose,4,0.7972749793559042,high_load,4,2,True,False,True,True,True,True,near_tie,True,d4_high_load,False,False,True,True,False,True
a1_multiheavy_mixed_compute_round9_eval_seed314,47,1042,4,2.0,31.52697835523631,5,14.661286354064941,0.4650393763990342,1.0,True,8,0,1,16.865692138671875,17.573890686035156,0.7081985473632812,0.04199048230813075,2.669555902481079,1.7068085670471191,0.96274733543396,2.669555902481079,1.7068085670471191,17.573890686035156,13.95308780670166,True,0.7081985473632812,True,False,1042,0.03125,4,0.7853751331567764,4.139580249786377,5.302955150604248,5.998647689819336,True,7.557841830449377,True,loose,4,0.7972749793559042,high_load,4,2,True,False,True,True,True,True,near_tie,True,d4_high_load,False,False,True,False,False,True
a1_multiheavy_mixed_compute_round9_eval_seed314,47,1051,4,1.0,34.71416023970964,5,19.262104034423828,0.5548774304610671,1.0,True,8,0,1,15.452055931091309,17.952556610107422,2.5005006790161133,0.16182317033844146,2.3726439476013184,1.3592331409454346,1.0134108066558838,2.3726439476013184,1.3592331409454346,17.952556610107422,16.76160430908203,True,2.5005006790161133,True,False,1051,0.0,4,0.7853751331567764,4.139580249786377,5.302955150604248,5.998647689819336,True,7.557841830449377,True,loose,4,0.7972749793559042,high_load,4,2,True,False,True,True,True,True,near_tie,True,d4_high_load,False,False,True,True,False,True
a1_multiheavy_mixed_compute_round9_eval_seed314,49,1075,1,1.0,21.682581227947907,5,5.787533760070801,0.26692088452139273,0.6,True,8,1,0,15.895047187805176,19.932598114013672,4.037550926208496,0.2540131450069643,3.2271358966827393,3.1146399974823,0.11249589920043945,3.2271358966827393,3.1146399974823,25.253215789794922,-3.570634126663208,False,9.358168601989746,True,False,1075,0.0,4,2.5147622376680374,4.171525478363037,5.909422874450684,6.3046698570251465,True,11.581895830947381,True,loose,1,0.8090834021469859,high_load,4,2,True,False,True,True,True,True,medium_gap,True,d4_high_load,False,False,True,True,False,True
a1_multiheavy_mixed_compute_round9_eval_seed314,50,1099,5,2.0,31.54211476362021,5,13.86604118347168,0.43960404327310304,1.0,True,9,0,1,17.67607307434082,20.038442611694336,2.3623695373535156,0.13364787118824545,2.4073760509490967,1.1478431224822998,1.2595329284667969,2.4073760509490967,1.1478431224822998,20.038442611694336,11.50367259979248,True,2.3623695373535156,True,False,1099,0.0,4,0.05548831820487976,3.184755325317383,5.923031806945801,6.447840690612793,True,14.841973638633135,True,loose,5+,0.5349298100743187,mid_load,4,2,True,False,True,True,True,True,near_tie,True,d4_mid_load,False,False,True,True,False,True
a1_multiheavy_mixed_compute_round9_eval_seed314,50,1116,5,1.0,33.79128360229029,5,18.46000862121582,0.5462949806370968,1.0,True,8,0,1,15.33127498626709,16.93414306640625,1.6028680801391602,0.10454890944001206,1.9621479511260986,1.3980627059936523,0.5640852451324463,1.9621479511260986,1.3980627059936523,16.93414306640625,16.857139587402344,True,1.6028680801391602,True,False,1116,0.0,4,0.05548831820487976,3.184755325317383,5.923031806945801,6.447840690612793,True,14.841973638633135,True,loose,5+,0.5349298100743187,mid_load,4,2,True,False,True,True,True,True,near_tie,True,d4_mid_load,False,False,True,True,False,True
a1_multiheavy_mixed_compute_round9_eval_seed314,51,1125,1,3.0,32.385243160233216,5,15.727869987487793,0.48564927889133475,1.0,True,8,1,0,16.657373428344727,19.157333374023438,2.499959945678711,0.1500812812075581,3.4071085453033447,3.0734360218048096,0.33367252349853516,3.4071085453033447,3.0734360218048096,19.157333374023438,13.227910041809082,True,2.499959945678711,True,False,1125,0.0,4,0.9645205140113831,4.544956684112549,5.857640743255615,6.078948020935059,True,5.555244408827086,True,loose,1,0.913625103220479,high_load,4,2,True,False,True,True,True,True,near_tie,True,d4_high_load,False,False,True,True,False,True
a1_multiheavy_mixed_compute_round9_eval_seed314,52,1138,5,2.0,22.899873769530622,5,8.926131248474121,0.3897895393795037,0.8,True,7,0,1,13.973742485046387,17.53277587890625,3.5590333938598633,0.2546943596297459,1.0113322734832764,0.5208955407142639,0.49043673276901245,1.0113322734832764,0.5208955407142639,17.53277587890625,5.367098331451416,True,3.5590333938598633,True,False,1138,0.0,4,1.3607040643692017,4.734311103820801,6.210451602935791,6.3838372230529785,True,-0.4165629579608492,True,loose,5+,0.9581337737407102,high_load,4,3,True,False,True,True,True,True,near_tie,True,d4_high_load,False,False,True,True,False,True
a1_multiheavy_mixed_compute_round9_eval_seed314,55,1195,3,3.0,29.657284593204402,5,8.922694206237793,0.3008601201568642,0.6,True,9,0,1,20.734590530395508,21.672386169433594,0.9377956390380859,0.04522855841610862,3.9671900272369385,2.6226580142974854,1.3445320129394531,3.9671900272369385,2.6226580142974854,21.672386169433594,7.984898567199707,True,0.9377956390380859,True,False,1195,0.046875,4,1.0410911440849304,4.825194358825684,5.96353816986084,6.304101943969727,True,1.891014723621808,True,loose,3,0.9698596201486375,high_load,4,2,True,False,True,True,True,True,near_tie,True,d4_high_load,False,False,True,False,False,True
a1_multiheavy_mixed_compute_round9_eval_seed314,55,1203,3,1.0,26.048518226935244,5,9.298728942871094,0.35697727071691254,1.0,True,7,0,1,16.74979019165039,17.2108154296875,0.4610252380371094,0.027524239573276925,1.8782308101654053,0.6073606610298157,1.2708701491355896,1.8782308101654053,0.6073606610298157,17.2108154296875,8.837702751159668,True,0.4610252380371094,True,False,1203,0.203125,4,1.0410911440849304,4.825194358825684,5.96353816986084,6.304101943969727,True,1.891014723621808,True,loose,3,0.9698596201486375,high_load,4,2,True,False,True,True,True,True,near_tie,True,d4_high_load,False,False,True,False,False,True
a1_multiheavy_mixed_compute_round9_eval_seed314,58,1242,5,3.0,26.57418421577756,5,9.561859130859375,0.35981759790700674,1.0,True,9,1,0,17.012325286865234,20.21036148071289,3.1980361938476562,0.18798348491001257,3.6274240016937256,3.595571756362915,0.03185224533081055,3.6274240016937256,3.595571756362915,20.21036148071289,6.363822937011719,True,3.1980361938476562,True,False,1242,0.0,4,0.7712978720664978,4.033781051635742,6.285543441772461,6.434257984161377,True,5.8301054969126085,True,loose,5+,0.7566473988439306,high_load,4,3,True,False,True,True,True,True,near_tie,True,d4_high_load,False,False,True,True,False,True
a1_multiheavy_mixed_compute_round9_eval_seed314,58,1250,5,3.0,31.049032478302777,5,11.477787971496582,0.36966652598651245,1.0,True,9,1,0,19.571243286132812,21.635360717773438,2.064117431640625,0.10546685264002383,3.6540474891662598,3.536339044570923,0.11770844459533691,3.6540474891662598,3.536339044570923,21.635360717773438,9.41367244720459,True,2.064117431640625,True,False,1250,0.0,4,0.7712978720664978,4.033781051635742,6.285543441772461,6.434257984161377,True,5.8301054969126085,True,loose,5+,0.7566473988439306,high_load,4,3,True,False,True,True,True,True,near_tie,True,d4_high_load,False,False,True,True,False,True
a1_multiheavy_mixed_compute_round9_eval_seed314,58,1267,5,2.0,32.92221218455969,5,13.220525741577148,0.40156857222910103,1.0,True,8,1,0,19.70168685913086,22.49608612060547,2.7943992614746094,0.14183553324417644,2.332878351211548,2.2855100631713867,0.04736828804016113,2.332878351211548,2.2855100631713867,22.49608612060547,10.426126480102539,True,2.7943992614746094,True,False,1267,0.0,4,0.7712978720664978,4.033781051635742,6.285543441772461,6.434257984161377,True,5.8301054969126085,True,loose,5+,0.7566473988439306,high_load,4,3,True,False,True,True,True,True,near_tie,True,d4_high_load,False,False,True,True,False,True
a1_multiheavy_mixed_compute_round9_eval_seed314,58,1274,5,1.0,35.030673622240165,5,12.551088333129883,0.3582885236086778,1.0,True,9,0,1,22.479585647583008,24.75078010559082,2.2711944580078125,0.10103364419672967,2.4864890575408936,2.15385103225708,0.3326380252838135,2.4864890575408936,2.15385103225708,24.75078010559082,10.279892921447754,True,2.2711944580078125,True,False,1274,0.0,4,0.7712978720664978,4.033781051635742,6.285543441772461,6.434257984161377,True,5.8301054969126085,True,loose,5+,0.7566473988439306,high_load,4,3,True,False,True,True,True,True,near_tie,True,d4_high_load,False,False,True,True,False,True
a1_multiheavy_mixed_compute_round9_eval_seed314,61,1300,1,1.0,36.15567541110246,5,19.040271759033203,0.5266191695366984,1.0,True,8,1,0,17.11540412902832,20.376121520996094,3.2607173919677734,0.1905136079397321,1.451504111289978,1.316986322402954,0.13451778888702393,1.451504111289978,1.316986322402954,20.376121520996094,15.779553413391113,True,3.2607173919677734,True,False,1300,0.0,4,0.7917871475219727,5.121424198150635,6.078912734985352,6.320518970489502,True,4.077751541194679,True,loose,1,0.9932287365813377,high_load,4,2,True,False,True,True,True,True,near_tie,True,d4_high_load,False,False,True,True,False,True
a1_multiheavy_mixed_compute_round9_eval_seed314,63,1355,1,2.0,28.276156587784666,5,13.559794425964355,0.4795487103725477,1.0,True,7,0,1,14.716361999511719,14.818770408630371,0.10240840911865234,0.006958812858915145,1.9667789936065674,1.9383937120437622,0.028385281562805176,1.9667789936065674,1.9383937120437622,14.818770408630371,13.457386016845703,True,0.10240840911865234,True,False,1355,0.296875,4,0.5533617734909058,3.733581066131592,4.347945690155029,4.655306339263916,False,0.07448246049602503,True,loose,1,0.6895953757225434,high_load,4,2,True,False,True,True,True,True,near_tie,True,d4_high_load,False,True,False,False,False,True
